OBD velocities,OBD engine speed,OBD coolant T,OBD engine load,OBD times
0,750,23.00033204,14.47513234,0
0,750,23.02639127,14.49153257,1
0,750,23.07616218,14.52285562,2
0,750,23.12589826,14.55415675,3
0,750,23.17559956,14.58543599,4
0,750,23.12589826,14.55415675,5
0,750,23.17559956,14.58543599,6
0,750,23.22526614,14.61669338,7
0,750,23.27489804,14.64792894,8
0,750,23.32449533,14.67914272,9
0,750,23.37405806,14.71033475,10
0,750,23.42358627,14.74150506,11
0,750,23.47308003,14.77265369,12
0,750,23.52253939,14.80378066,13
0,750.0091022,23.57196439,14.83488601,14
0.514929184,757.3610965,23.62694627,14.86948856,15
2.911253966,757.6698639,23.70760011,14.92024761,16
7.096452981,888.2592913,23.83130295,14.99809931,17
11.52783769,1395.909175,24.02349277,15.11905291,18
15.17823685,1837.937057,24.2438759,15.25774982,19
18.87203565,1467.354965,24.45684496,15.39178073,20
23.54810646,1634.207333,24.76010998,15.5826389,21
26.78298856,1858.703857,25.04254288,15.76038649,22
28.10248358,1337.891964,25.20156395,15.86046553,23
28.50990533,1225.478045,25.31269513,15.93040532,24
28.74537142,1235.599388,25.42000816,15.99794218,25
29.11108404,1251.319286,25.53528768,16.07049272,26
29.89193074,1284.883427,25.67513489,16.15850479,27
31.39568219,1349.521116,25.86556149,16.27834872,28
32.9818791,1417.702664,26.06543974,16.404141,29
35.35856377,1519.862768,26.32940873,16.57026843,30
37.92229816,1630.063071,26.62612741,16.7570067,31
40.34169978,1734.059332,26.92473467,16.94493353,32
41.97148632,1318.309308,27.14770471,17.0852585,33
42.96529575,1245.18126,27.33431284,17.20269929,34
43.74759363,1267.853108,27.51061324,17.31365298,35
44.32054009,1284.457723,27.67160312,17.41497108,36
44.67497408,1294.729607,27.81603901,17.50587101,37
44.62857592,1293.384938,27.92725494,17.57586414,38
43.78175255,1268.843071,27.9816689,17.61010927,39
41.49659884,1202.616817,27.98332169,17.61114944,40
38.54311554,1117.021641,27.99929011,17.62119908,41
35.48610937,1430.632069,28.02160686,17.63524401,42
33.15438265,1425.117607,28.02454268,17.63709165,43
30.38576789,1306.110666,28.02360663,17.63650255,44
26.79707438,1151.853223,28.0283014,17.63945717,45
22.83226008,1465.606706,28.04244634,17.64835921,46
20.84353902,1446.513942,28.0807495,17.6724651,47
20.12274653,1396.4919,28.15561804,17.7195832,48
19.58038068,1358.85243,28.23178981,17.76752148,49
18.68681738,1296.840323,28.29436122,17.80690046,50
17.86276817,1239.652401,28.35420279,17.84456142,51
17.56209772,1218.786272,28.42703997,17.8904011,52
17.45905508,1211.635249,28.50636444,17.94032352,53
16.47470852,1143.322904,28.55944762,17.97373112,54
14.30991918,993.0893971,28.60025831,17.99941511,55
12.4229433,862.1357757,28.64268119,18.02611371,56
11.89058585,825.1908757,28.69127356,18.05669505,57
11.83224493,821.1420929,28.7456238,18.09090008,58
11.87751976,824.2841062,28.80217557,18.12649062,59
12.02548493,834.5526926,28.86130892,18.16370588,60
12.3648125,858.1015752,28.92636567,18.20464898,61
13.39681867,929.7214339,29.01368952,18.25960577,62
15.02673195,1042.835252,29.13162375,18.33382702,63
15.69235094,1089.028327,29.22367436,18.39175857,64
16.16249156,1121.655462,29.3132829,18.44815321,65
16.68839696,1158.152598,29.40585015,18.5064099,66
17.50593765,1214.888837,29.51128981,18.57276777,67
18.04960303,1252.618493,29.612177,18.63626057,68
18.3395809,1272.742572,29.70628815,18.6954889,69
19.31620533,1340.519011,29.82712227,18.77153519,70
21.74325839,1508.953272,30.017788,18.89152961,71
24.91146336,1728.822491,30.265502,19.04742705,72
28.25247474,1960.684247,30.55333036,19.22857025,73
31.13463078,1463.603741,30.79331844,19.37960543,74
33.5341894,1441.44333,31.03654797,19.53268059,75
35.14423182,1510.649861,31.24703031,19.6651465,76
36.15232422,1553.981997,31.42430485,19.77671325,77
37.05670227,1592.856046,31.59818401,19.88614314,78
38.06930453,1636.382035,31.78341177,20.00271521,79
39.03137151,1677.735801,31.96984422,20.12004545,80
39.56795362,1700.800403,32.13226924,20.22226674,81
39.44936753,1695.703064,32.2540302,20.29889633,82
38.89584727,1671.910388,32.34604495,20.35680531,83
38.0294345,1634.66825,32.40587089,20.39445643,84
37.11890794,1595.529912,32.47099593,20.43544252,85
36.86131602,1584.457507,32.58011008,20.50411291,86
36.34909227,1562.439932,32.66643853,20.55844324,87
35.61479341,1530.876617,32.73803617,20.60350283,88
34.95474731,1502.505004,32.81139069,20.64966809,89
34.37005168,1477.372277,32.88590123,20.69656088,90
33.05706245,1420.934367,32.9287688,20.72353935,91
29.51554158,1268.704606,32.9271315,20.72250893,92
24.50354554,1053.267513,32.93801589,20.72935896,93
18.91913023,1195.426677,32.95643237,20.74094927,94
15.07969474,1046.510799,32.97009364,20.74954691,95
12.73205001,882.4578182,32.99439086,20.76483824,96
10.26895378,753.0501157,33.02839712,20.78623989,97
7.320704833,750.0000521,33.07140358,20.81330577,98
4.583393602,750,33.11447557,20.84041289,99
2.793656555,672.3942314,33.15214135,20.86411764,100
0.997027522,178.9532349,33.15613894,20.8666335,101
0.000194439,0.174552021,33.15430615,20.86548004,102
4.86634E-06,2.97838E-06,33.15247455,20.86432734,103
1.46491E-06,0,33.15064329,20.86317484,104
6.45837E-07,0,33.14881236,20.86202256,105
3.38727E-07,0,33.14698177,20.86087049,106
1.96354E-07,0,33.14515152,20.85971863,107
1.2146E-07,0,33.14332161,20.85856698,108
7.86136E-08,0,33.14149203,20.85741555,109
5.25988E-08,0,33.13966278,20.85626432,110
3.60904E-08,0,33.13783388,20.85511331,111
2.52539E-08,0,33.13600531,20.85396251,112
1.79492E-08,0,33.13417707,20.85281192,113
1.29192E-08,0,33.13234917,20.85166154,114
9.39534E-09,0,33.13052161,20.85051138,115
6.89125E-09,0,33.12869438,20.84936142,116
5.09073E-09,0,33.12686749,20.84821168,117
3.78325E-09,0,33.12504094,20.84706214,118
2.82587E-09,0,33.12321472,20.84591282,119
2.11988E-09,0,33.12138883,20.84476371,120
1.59614E-09,0,33.11956328,20.84361481,121
1.20559E-09,0,33.11773807,20.84246613,122
9.13073E-10,0,33.11591319,20.84131765,123
6.93152E-10,0,33.11408865,20.84016938,124
5.27266E-10,0,33.11226444,20.83902133,125
3.73491E-10,0,33.11044057,20.83787348,126
1.52611E-20,0,33.10861703,20.83672585,127
1.52611E-20,0,33.10679383,20.83557843,128
1.52611E-20,0,33.10497097,20.83443122,129
1.52611E-20,0,33.10314843,20.83328422,130
1.52611E-20,0,33.10132624,20.83213743,131
1.52611E-20,0,33.09950437,20.83099085,132
1.52611E-20,0,33.09768285,20.82984448,133
1.52611E-20,0,33.09586165,20.82869832,134
1.52611E-20,0,33.0940408,20.82755238,135
1.52611E-20,0,33.09222027,20.82640664,136
1.52611E-20,0,33.09040008,20.82526111,137
1.52611E-20,0,33.08858023,20.8241158,138
1.47184E-20,0,33.08676071,20.82297069,139
0,0,33.08494152,20.8218258,140
0.442124085,595.5431779,33.13443631,20.85297507,141
3.292186315,757.759755,33.222736,20.90854599,142
8.148139062,994.3730066,33.36252859,20.99652369,143
13.93715788,1687.654448,33.60923192,21.15178508,144
17.60696423,1353.29309,33.79169929,21.26661991,145
19.43394382,1348.689906,33.93355419,21.35589551,146
20.44973453,1419.184433,34.05903618,21.4348669,147
21.84661664,1516.126198,34.20593697,21.52731811,148
24.15130384,1676.06843,34.40502326,21.65261197,149
26.65018872,1849.487724,34.63358836,21.79645816,150
28.59267184,1984.293474,34.85435903,21.93539897,151
29.66818562,2058.932703,35.04509507,22.05543764,152
29.78007734,2066.69784,35.19322522,22.14866253,153
28.44258,1973.8773,35.25663199,22.18856724,154
24.9218912,1729.54617,35.2544464,22.18719175,155
19.87990136,1379.638767,35.25216021,22.18575295,156
15.17464593,1053.100286,35.25983732,22.19058449,157
12.41339472,861.473117,35.29076422,22.21004817,158
12.00089357,832.8460844,35.34011521,22.24110694,159
12.98622753,901.2269536,35.4178098,22.2900036,160
15.29402115,1061.384768,35.54966202,22.37298408,161
18.55866653,1287.946824,35.74244938,22.49431374,162
21.8625365,1517.231015,35.96042567,22.63149592,163
24.68881582,1713.371048,36.18545299,22.77311562,164
26.76908621,1857.739052,36.39295645,22.90370678,165
28.66310508,1350.614063,36.55885026,23.00811114,166
30.34028733,1304.155717,36.73294798,23.11767858,167
31.78884569,1366.42097,36.90948338,23.22878016,168
32.8346522,1411.37422,37.06677134,23.32776847,169
34.27130442,1473.127696,37.25196998,23.44432222,170
36.28593611,1559.72521,37.48445832,23.59063747,171
37.82180785,1625.743566,37.69699399,23.72439562,172
38.02920362,1634.658326,37.82733603,23.80642567,173
36.50662563,1569.211392,37.86572689,23.83058675,174
33.15700281,1425.230232,37.8629175,23.82881868,175
29.06362938,1249.279481,37.8604344,23.82725595,176
26.17785345,1125.236451,37.87058642,23.83364506,177
24.62169227,1587.423604,37.94916205,23.8830962,178
25.11418006,1742.890761,38.09226771,23.97315897,179
26.53595461,1841.560028,38.26632184,24.08269898,180
28.3331044,1334.753175,38.42292312,24.18125513,181
29.35642274,1261.864995,38.55478104,24.26423918,182
29.65320764,1274.622084,38.65540672,24.3275674,183
29.47865274,1267.118965,38.73070218,24.37495419,184
28.91701876,1242.977527,38.78674815,24.4102264,185
27.30674925,1173.761235,38.80937653,24.42446745,186
24.38773122,1565.508267,38.83924067,24.44326229,187
21.88844972,1519.029357,38.84710536,24.44821189,188
19.62728369,1362.107436,38.86170874,24.45740244,189
17.75022973,1231.842383,38.87158258,24.46361649,190
16.11647164,1118.46174,38.90461853,24.48440748,191
14.96928129,1038.848252,38.9429211,24.50851299,192
13.95099341,968.1804255,38.9742032,24.52820021,193
13.16882487,913.8989666,39.00940872,24.55035661,194
12.54665203,870.7209974,39.04699194,24.57400941,195
12.20539401,847.0381439,39.09027405,24.60124876,196
11.96878456,830.6177623,39.13486393,24.62931116,197
11.86543573,823.4454905,39.18147622,24.65864635,198
11.89475569,825.4802566,39.2306443,24.68959001,199
11.92819743,827.8010689,39.28004642,24.72068096,200
12.13350543,842.0491719,39.33321353,24.75414139,201
12.67132011,879.3727967,39.39604387,24.79368331,202
13.4153606,931.0082192,39.46693974,24.83830124,203
14.47226499,1004.355981,39.55089212,24.89113621,204
15.72500771,1091.294663,39.64766019,24.95203666,205
17.69306487,1227.875218,39.78001318,25.03533229,206
20.20984777,1402.53661,39.95082082,25.14282914,207
22.66098046,1572.641966,40.13647592,25.25967015,208
25.50806576,1770.225907,40.36128657,25.40115349,209
28.09016654,1323.70908,40.56300367,25.52810304,210
30.67952291,1318.737517,40.79181059,25.67210141,211
33.5926144,1443.954687,41.0663648,25.8448906,212
36.54245062,1570.751304,41.36497818,26.03282128,213
38.62512359,1660.273523,41.61052366,26.18735398,214
40.13038217,1724.975995,41.82608811,26.32301828,215
41.20161206,1279.082668,41.97909776,26.41931406,216
42.2528872,1224.534881,42.14764205,26.52538648,217
43.88763897,1271.911775,42.38194802,26.67284565,218
45.95731548,1331.893264,42.68118051,26.86116597,219
48.11508658,1394.42783,42.99985112,27.06171957,220
49.99717593,1448.972838,43.2934937,27.24652191,221
51.48000708,1491.946906,43.54571116,27.40525357,222
52.5493025,1522.936257,43.76254148,27.54171454,223
53.22083981,1542.398143,43.94463207,27.65631225,224
53.44484854,1225.6211,44.06105083,27.72957976,225
53.62974453,1174.398642,44.18058185,27.80480595,226
53.94841061,1181.376878,44.31933051,27.89212665,227
54.4001359,1191.268881,44.47310358,27.98890289,228
54.9773696,1203.909301,44.64250006,28.09551163,229
55.52476299,1215.896269,44.81026903,28.20109611,230
56.02290823,1226.804788,44.97396549,28.30411758,231
56.41982101,1235.496491,45.12800728,28.40106293,232
56.65145011,1240.568768,45.26552985,28.487612,233
56.58777085,1239.174302,45.37117009,28.55409611,234
55.93205083,1224.815168,45.42622094,28.58874205,235
54.16003129,1186.011005,45.42971751,28.5909426,236
52.10533743,1141.016764,45.44343512,28.5995757,237
50.16333593,1389.849367,45.46672202,28.61423119,238
49.24016675,1427.033884,45.51168769,28.64253008,239
48.61488266,1408.912467,45.5687812,28.67846157,240
47.53769715,1377.694453,45.59438139,28.69457291,241
45.47028995,1317.778731,45.59004972,28.6918468,242
42.76241067,1239.301428,45.58563414,28.68906787,243
40.36988789,1169.963502,45.59030981,28.69201048,244
37.92357321,1528.756091,45.60685199,28.70242121,245
35.50842151,1526.304296,45.60637258,28.7021195,246
33.20433907,1427.264948,45.60200838,28.69937291,247
30.42137961,1307.641411,45.59765867,28.69663544,248
26.82246265,1152.944519,45.59856943,28.69720863,249
23.1297047,1487.87338,45.6365481,28.72111029,250
21.17269017,1469.356595,45.676258,28.7461015,251
20.37696649,1414.134428,45.73345645,28.78209903,252
19.75997762,1371.316219,45.78899801,28.8170538,253
18.81371281,1305.646697,45.83177454,28.84397498,254
17.95248892,1245.878902,45.87283268,28.86981469,255
17.6258821,1223.212823,45.9276027,28.9042839,256
17.50349032,1214.718996,45.98903783,28.94294777,257
16.52908253,1147.096388,46.02591258,28.96615468,258
14.9588572,1038.124834,46.05966134,28.98739428,259
14.73913337,1022.876293,46.11458276,29.02195878,260
16.32915377,1133.221598,46.22037165,29.08853643,261
19.10810774,1326.077315,46.38616345,29.19287659,262
21.96397696,1524.270848,46.57701922,29.31299062,263
24.58165196,1705.934018,46.77720651,29.43897739,264
27.32129916,1896.061898,47.00349628,29.58139161,265
30.69242757,2130.013734,47.28993986,29.7616633,266
34.08749006,1604.553005,47.55640916,29.92936428,267
37.40860113,1607.982169,47.86650537,30.12452163,268
39.99497726,1719.155711,48.14886855,30.30222534,269
41.9522333,1803.286973,48.39630455,30.45794783,270
43.56638503,1355.147122,48.59435137,30.5825875,271
44.95614322,1302.878197,48.79342785,30.70787519,272
46.12080012,1336.631227,48.98876235,30.83080788,273
46.15100599,1337.506627,49.08945881,30.89418064,274
45.72559229,1325.177672,49.1505659,30.93263805,275
44.77296135,1297.569386,49.1840862,30.95373387,276
42.39193217,1228.564556,49.17949948,30.95084724,277
39.45521405,1143.455253,49.18614458,30.9550293,278
36.13359105,1455.547548,49.19338955,30.95958888,279
32.51659863,1397.702913,49.18862902,30.95659287,280
28.01506622,1204.207738,49.18543075,30.95458005,281
22.69221312,1452.407496,49.18996226,30.95743193,282
20.14407049,1397.971754,49.20400053,30.96626684,283
20.83256937,1445.752663,49.30313895,31.02865906,284
24.25714868,1683.413922,49.52887678,31.17072592,285
28.1281119,1952.053631,49.80977405,31.34750707,286
32.00128529,2220.846723,50.13208302,31.55035044,287
35.44540822,1671.220584,50.41370297,31.72758641,288
38.81057077,1668.244838,50.73034553,31.92686367,289
42.26370649,1816.675426,51.08108229,32.14759791,290
45.64264932,1961.916886,51.45264696,32.38144009,291
48.16718308,1500.550511,51.7455725,32.56579117,292
49.64304884,1438.709847,51.97739908,32.71168995,293
49.90172692,1446.206621,52.10723334,32.79340043,294
49.02146164,1420.69557,52.14345743,32.81619786,295
47.91639055,1388.669402,52.17658673,32.8370476,296
47.18252456,1367.401163,52.21998211,32.86435824,297
46.74654033,1354.765863,52.2797376,32.90196503,298
46.67101567,1352.577076,52.3673032,32.95707396,299
46.84281577,1357.55603,52.47470164,33.02466458,300
47.13383782,1365.990168,52.59222998,33.09863039,301
47.30280294,1370.886962,52.70156878,33.16744216,302
47.25455292,1369.488623,52.79385427,33.22552153,303
46.95804526,1360.895507,52.86549375,33.27060744,304
46.33606175,1342.869745,52.91238211,33.30011637,305
45.40075611,1315.763565,52.93214815,33.31255602,306
44.09524514,1277.928429,52.94127806,33.31830188,307
42.56074158,1233.456838,52.9357143,33.31480036,308
41.24889406,1195.438062,52.94759893,33.32227988,309
40.48354191,1173.257319,52.98141213,33.34356004,310
40.05561105,1160.855415,53.02870095,33.37332099,311
39.79625312,1153.338939,53.08828813,33.41082185,312
39.02620888,1583.650593,53.14868029,33.44882933,313
38.52250615,1655.862585,53.22182015,33.4948595,314
37.74012798,1622.232615,53.27551739,33.52865356,315
36.53778502,1570.550756,53.2929772,33.5396418,316
35.04354413,1506.321872,53.3012409,33.54484251,317
33.54980215,1442.114433,53.31833785,33.55560238,318
32.25624877,1386.511959,53.33350942,33.56515053,319
30.7386487,1321.278997,53.33127613,33.56374502,320
28.88838327,1241.746651,53.32544691,33.56007643,321
26.93889689,1157.949363,53.32851818,33.56200931,322
24.94854801,1586.705836,53.37914229,33.59386932,323
24.57051767,1705.161313,53.47425001,33.65372484,324
24.37928103,1691.889745,53.55440708,33.70417125,325
24.25763164,1683.447438,53.63835672,33.75700449,326
23.84461118,1654.784367,53.70768757,33.80063749,327
23.68855937,1643.954578,53.78548246,33.84959727,328
23.61425702,1638.798093,53.86719546,33.9010229,329
23.35162478,1620.571764,53.93967324,33.94663639,330
21.82682052,1514.752373,53.97450468,33.96855736,331
18.89714451,1311.436747,53.96859643,33.96483904,332
17.05948612,1183.905693,53.98601565,33.97580173,333
16.66456727,1156.498849,54.0297699,34.00333822,334
16.24445542,1127.343644,54.0724187,34.03017901,335
15.66481452,1087.117335,54.10802277,34.05258624,336
15.25041143,1058.358311,54.14733463,34.07732694,337
14.69959108,1020.13211,54.18124587,34.09866879,338
14.32019736,993.8026891,54.21815192,34.12189541,339
14.28068264,991.0604199,54.26413312,34.15083343,340
14.78257191,1025.890869,54.32611889,34.18984383,341
16.35087379,1134.728938,54.42523925,34.25222469,342
19.30660067,1339.852461,54.59054052,34.35625613,343
22.69374757,1574.91596,54.79964593,34.48785547,344
24.79998333,1721.085926,54.97702231,34.59948631,345
25.38868922,1761.941333,55.09314032,34.67256455,346
25.58274256,1775.408377,55.19355853,34.73576219,347
26.04974335,1807.817612,55.30574914,34.80636874,348
26.61196109,1846.834777,55.42661116,34.88243258,349
26.92282827,1868.408547,55.53729347,34.95208989,350
27.64588939,1313.365091,55.62880533,35.00968237,351
28.09582513,1207.679102,55.71082715,35.06130235,352
28.34763618,1218.503021,55.78958443,35.11086781,353
28.33749178,1218.066971,55.85557823,35.15240064,354
28.19045975,1211.746904,55.91393341,35.18912616,355
28.04478588,1205.485216,55.97190989,35.22561333,356
27.94737836,1201.298223,56.03197919,35.26341762,357
27.99533831,1203.359747,56.09917771,35.30570864,358
28.15365359,1210.164817,56.17240774,35.35179555,359
28.15700231,1210.30876,56.23840175,35.39332852,360
27.60300015,1186.49537,56.27930418,35.41907024,361
26.03865092,1119.252928,56.29733181,35.43041583,362
23.58572612,1497.645612,56.32968513,35.45077721,363
22.12527827,1535.464945,56.36697397,35.47424474,364
21.15525029,1468.14629,56.40609973,35.49886832,365
20.61966549,1430.977416,56.45638479,35.53051495,366
20.46241585,1420.0645,56.51826546,35.5694592,367
20.57168569,1427.647681,56.59049157,35.61491431,368
20.85886224,1447.577353,56.66955325,35.66467135,369
21.53219398,1494.305682,56.7655468,35.72508436,370
22.7094596,1576.006353,56.88576738,35.80074451,371
23.89395122,1658.2085,57.01394698,35.88141364,372
24.44613095,1696.52904,57.121617,35.94917518,373
24.23254205,1681.706254,57.1996986,35.9983154,374
22.61352136,1569.348367,57.22570178,36.01468036,375
19.46466556,1350.821954,57.21908628,36.01051693,376
15.96446805,1107.912893,57.21919111,36.0105829,377
13.04326719,902.451732,57.22899905,36.01675548,378
11.05836552,749.8501935,57.24864419,36.02911904,379
9.535268487,750,57.27749485,36.04727604,380
8.426170085,750,57.30629644,36.06540216,381
7.571700899,750,57.33508941,36.08352286,382
6.61196732,750,57.363873,36.10163766,383
5.453617047,750,57.39264896,36.11974765,384
4.247574978,750,57.42141835,36.1378535,385
2.940186268,699.6800439,57.44750047,36.15426814,386
1.536728897,226.3187507,57.44754824,36.1542982,387
0.400029826,0.523262019,57.44104594,36.15020602,388
0.000135569,8.92845E-06,57.43455206,36.14611913,389
4.69022E-06,8.90491E-11,57.42806069,36.14203383,390
1.43241E-06,0,57.42157063,36.13794934,391
6.35038E-07,0,57.41508186,36.13386567,392
3.34131E-07,0,57.40859439,36.12978281,393
2.21484E-07,0,57.40210822,36.12570078,394
0.453418275,581.4631674,57.44158038,36.15054237,395
2.754406043,757.6338732,57.50601512,36.19109401,396
5.944874453,793.5873403,57.57703532,36.23579018,397
10.057263,1217.836863,57.7013712,36.31404029,398
14.55956512,1763.02192,57.89311846,36.43471537,399
18.78968951,1457.279808,58.07415231,36.54864803,400
22.73265175,1577.615858,58.29283586,36.68627531,401
25.22198069,1750.371982,58.48466114,36.8069995,402
25.93135399,1799.601548,58.60664714,36.88377072,403
25.52314288,1771.272239,58.68189008,36.93112445,404
24.28508733,1685.352827,58.71672941,36.95305039,405
22.55539563,1565.314519,58.74626901,36.97164097,406
20.94581172,1453.611532,58.7513798,36.97485742,407
19.44367519,1349.36525,58.78124885,36.99365535,408
17.83903711,1238.005497,58.78793583,36.99786376,409
16.085063,1116.282022,58.80713987,37.00994971,410
14.72883503,1022.161601,58.82316914,37.02003765,411
13.93368941,966.9795505,58.84471708,37.03359872,412
13.78912096,956.9466922,58.88297083,37.05767351,413
13.96336904,969.0392778,58.93085521,37.08780928,414
14.24766214,988.7688412,58.98316195,37.12072824,415
14.62563863,1014.999908,59.03965775,37.15628356,416
15.29598542,1061.521086,59.10559,37.19777766,417
16.54748952,1148.373809,59.19254676,37.25250342,418
18.03977253,1251.936269,59.29547014,37.31727768,419
19.01721202,1319.769273,59.38883621,37.3760371,420
19.02754243,1320.486189,59.46621564,37.42473542,421
18.30206507,1270.139023,59.52732892,37.46319673,422
17.1302405,1188.815953,59.5726873,37.49174278,423
16.34109292,1134.050159,59.6267423,37.52576199,424
16.17304093,1122.387573,59.69755954,37.57033043,425
16.64690477,1155.273095,59.78849295,37.62755887,426
17.97563615,1247.485289,59.913366,37.70614704,427
20.76710784,1441.209719,60.10631586,37.82757897,428
25.03840698,1737.63221,60.39157411,38.00710468,429
29.64992799,2057.665647,60.73913759,38.22584184,430
32.83612892,1556.250878,60.99647128,38.38779339,431
33.91033466,1457.611667,61.156604,38.48857203,432
33.60662062,1444.556735,61.24378273,38.54343748,433
32.69022618,1405.16617,61.29681158,38.5768109,434
31.79082871,1366.506208,61.34839653,38.6092756,435
31.26613062,1343.952433,61.4149955,38.6511893,436
30.91069018,1328.674078,61.48923142,38.69790927,437
30.0363842,1291.092656,61.53999231,38.72985535,438
28.05370553,1205.868621,61.55059876,38.73653046,439
24.54846156,1556.647863,61.5636284,38.7447306,440
20.28033638,1407.428426,61.56159139,38.74344861,441
15.23164531,1057.055967,61.56017516,38.74255732,442
10.04137768,759.3624867,61.58201003,38.75629897,443
5.569467009,745.9580854,61.63191814,38.78770837,444
2.395415284,551.8117111,61.67248095,38.81323635,445
0.627615072,50.23322748,61.66999657,38.81167281,446
0.037516594,0.002710356,61.66264922,38.8070488,447
0.000108827,4.6184E-08,61.65530591,38.80242733,448
4.55865E-06,0,61.64796421,38.79780687,449
1.40763E-06,0,61.64062399,38.79318734,450
6.26745E-07,0,61.63328526,38.78856876,451
3.3046E-07,0,61.62594802,38.7839511,452
1.92195E-07,0,61.61861227,38.77933439,453
1.19153E-07,0,61.611278,38.77471861,454
7.72449E-08,0,61.60394523,38.77010377,455
5.17452E-08,0,61.59661394,38.76548986,456
3.55376E-08,0,61.58928414,38.76087689,457
2.48854E-08,0,61.58195583,38.75626486,458
1.76976E-08,0,61.574629,38.75165376,459
1.27442E-08,0,61.56730366,38.7470436,460
9.27172E-09,0,61.5599798,38.74243437,461
6.80281E-09,0,61.55265743,38.73782608,462
5.02677E-09,0,61.54533654,38.73321872,463
3.73658E-09,0,61.53801714,38.72861229,464
2.79156E-09,0,61.53069923,38.7240068,465
2.09449E-09,0,61.5233828,38.71940225,466
1.57724E-09,0,61.51606785,38.71479862,467
1.19146E-09,0,61.50875438,38.71019593,468
9.02471E-10,0,61.5014424,38.70559418,469
6.85165E-10,0,61.4941319,38.70099336,470
5.21232E-10,0,61.48682288,38.69639347,471
3.55026E-10,0,61.47951535,38.69179451,472
-2.34959E-20,0,61.4722093,38.68719649,473
-2.34959E-20,0,61.46490472,38.68259939,474
-2.34959E-20,0,61.45760163,38.67800323,475
-2.34959E-20,0,61.45030002,38.67340801,476
-2.34959E-20,0,61.44299989,38.66881371,477
-2.34959E-20,0,61.43570125,38.66422034,478
-2.34959E-20,0,61.42840408,38.65962791,479
-2.34959E-20,0,61.42110839,38.65503641,480
-2.34959E-20,0,61.41381417,38.65044584,481
-2.34959E-20,0,61.40652144,38.64585619,482
-2.34959E-20,0,61.39923019,38.64126748,483
-2.34959E-20,0,61.39194041,38.6366797,484
-2.34959E-20,0,61.38465211,38.63209285,485
-2.34959E-20,0,61.37736529,38.62750693,486
-2.34959E-20,0,61.37007995,38.62292194,487
-2.34959E-20,0,61.36279608,38.61833788,488
-2.34959E-20,0,61.35551369,38.61375475,489
-2.34959E-20,0,61.34823277,38.60917254,490
-2.34959E-20,0,61.34095333,38.60459127,491
-2.34959E-20,0,61.33367537,38.60001092,492
-2.34959E-20,0,61.32639888,38.5954315,493
-2.34959E-20,0,61.31912387,38.59085301,494
-2.34959E-20,0,61.31185033,38.58627545,495
-2.34959E-20,0,61.30457826,38.58169881,496
-2.34959E-20,0,61.29730767,38.57712311,497
-2.34959E-20,0,61.29003855,38.57254833,498
-2.34959E-20,0,61.2827709,38.56797447,499
-2.34959E-20,0,61.27550473,38.56340155,500
-2.34959E-20,0,61.26824003,38.55882955,501
-2.34959E-20,0,61.2609768,38.55425847,502
-2.34959E-20,0,61.25371504,38.54968833,503
-2.34959E-20,0,61.24645475,38.54511911,504
-2.34959E-20,0,61.23919594,38.54055081,505
-2.34959E-20,0,61.23193859,38.53598344,506
-2.34959E-20,0,61.22468272,38.531417,507
-2.34959E-20,0,61.21742832,38.52685148,508
-2.34959E-20,0,61.21017538,38.52228688,509
-2.34959E-20,0,61.20292392,38.51772321,510
-2.34959E-20,0,61.19567392,38.51316047,511
-2.34959E-20,0,61.18842539,38.50859865,512
-2.26604E-20,0,61.18117833,38.50403775,513
0,0,61.17393274,38.49947778,514
0.320404868,564.7763219,61.22115017,38.52919381,515
2.799262668,756.1807543,61.32498843,38.59454384,516
5.693074589,769.5659166,61.4291984,38.66012781,517
9.830467397,1190.374119,61.5976763,38.76615846,518
15.06943006,1159.039068,61.8227419,38.90780225,519
18.5262629,1285.698055,62.03661166,39.04240001,520
20.28891858,1408.02402,62.1921612,39.14029425,521
20.5387705,1425.363411,62.29058819,39.20223874,522
20.06479952,1392.470454,62.36143354,39.24682487,523
19.21006063,1333.15271,62.41862204,39.28281613,524
18.1045813,1256.433912,62.46615351,39.3127298,525
16.40629193,1138.574883,62.49445857,39.33054344,526
13.48273563,930.0326977,62.50339743,39.33616906,527
9.592823592,745.9577032,62.53249309,39.35448025,528
5.706850863,745.9576932,62.5826833,39.38606719,529
2.913867724,643.2647768,62.62850014,39.41490176,530
1.424105773,107.9417284,62.6316881,39.41690809,531
0.439223626,0.024348973,62.6241383,39.41215666,532
0.000185854,4.15454E-07,62.61659818,39.40741133,533
4.84899E-06,0,62.60906113,39.40266793,534
2.10629E-06,0,62.60152562,39.3979255,535
0.053282816,550.6510517,62.64395455,39.42462791,536
1.360798062,757.5964045,62.72539742,39.47588353,537
3.583555951,756.8449516,62.81097545,39.52974159,538
6.127380968,793.9540267,62.90652348,39.58987422,539
10.39731286,1259.013598,63.08167834,39.70010697,540
16.12084811,1952.078124,63.34888746,39.86827355,541
21.15166976,1644.438273,63.59919632,40.02580406,542
24.13753206,1675.112687,63.81537261,40.16185341,543
24.86160697,1725.362524,63.95044456,40.2468602,544
24.67652052,1712.517771,64.04562748,40.30676305,545
24.15976106,1676.65535,64.12711942,40.35804956,546
23.10809875,1603.671381,64.18771016,40.396182,547
21.3182001,1479.454791,64.21171171,40.41128724,548
19.32351871,1341.02655,64.22193906,40.41772377,549
17.79732423,1235.110679,64.25460402,40.43828128,550
16.63940514,1154.752631,64.29603606,40.46435631,551
15.73512385,1091.99671,64.34346039,40.49420255,552
14.91933772,1035.382235,64.39172109,40.52457516,553
14.3487517,995.7843226,64.44497743,40.55809174,554
13.88378199,963.516042,64.50024087,40.59287149,555
13.37244365,928.0298397,64.55299535,40.62607223,556
13.05666379,906.1151365,64.60829246,40.66087316,557
12.95156866,898.8216741,64.66799174,40.69844457,558
13.06430125,906.6451665,64.73332968,40.73956465,559
13.43136924,932.1191974,64.80654571,40.78564275,560
14.07471052,976.7662282,64.89052971,40.83849762,561
15.3654285,1066.340343,64.99953358,40.9070986,562
16.87019223,1170.768949,65.1252763,40.98623409,563
17.19280968,1193.158172,65.21119563,41.04030695,564
17.14748439,1190.012657,65.28485541,41.08666433,565
16.42850284,1140.116291,65.3396551,41.12115221,566
12.93586712,890.0161221,65.35302208,41.12956465,567
7.54272984,745.9570974,65.38881529,41.1520909,568
2.511476025,618.2054087,65.43169098,41.17907448,569
0.000266022,88.25721536,65.43201235,41.17927674,570
4.98109E-06,0.012600868,65.42373228,41.17406572,571
1.4857E-06,2.14949E-07,65.41545718,41.16885783,572
6.52694E-07,0,65.40718705,41.16365307,573
3.4168E-07,0,65.39892188,41.15845143,574
1.97835E-07,0,65.39066166,41.15325291,575
1.22279E-07,0,65.3824064,41.1480575,576
7.9099E-08,0,65.37415608,41.14286521,577
5.29011E-08,0,65.36591071,41.13767603,578
3.62859E-08,0,65.35767028,41.13248996,579
2.53843E-08,0,65.34943479,41.127307,580
1.80381E-08,0,65.34120422,41.12212714,581
1.2981E-08,0,65.33297859,41.11695038,582
9.43897E-09,0,65.32475787,41.11177672,583
6.92246E-09,0,65.31654208,41.10660616,584
5.11329E-09,0,65.3083312,41.10143869,585
3.79971E-09,0,65.30012523,41.0962743,586
2.83797E-09,0,65.29192417,41.09111301,587
2.12883E-09,0,65.28372801,41.0859548,588
1.60279E-09,0,65.27553674,41.08079967,589
1.21056E-09,0,65.26735037,41.07564763,590
9.16805E-10,0,65.25916889,41.07049866,591
6.95963E-10,0,65.2509923,41.06535276,592
5.29389E-10,0,65.24282058,41.06020994,593
3.74985E-10,0,65.23465374,41.05507018,594
-1.52611E-20,0,65.22649178,41.0499335,595
-1.52611E-20,0,65.21833468,41.04479987,596
-1.52611E-20,0,65.21018245,41.03966931,597
-1.52611E-20,0,65.20203507,41.0345418,598
-1.52611E-20,0,65.19389256,41.02941735,599
-1.52611E-20,0,65.18575489,41.02429596,600
-1.52611E-20,0,65.17762207,41.01917762,601
-1.47184E-20,0,65.1694941,41.01406232,602
0.013021969,541.5310255,65.21023321,41.03970126,603
0.817954719,758.0100848,65.28387518,41.08604742,604
2.734175011,757.6823031,65.36504919,41.13713384,605
5.607924081,768.9112928,65.46579011,41.20053458,606
9.629338379,1166.019348,65.62559543,41.30110718,607
15.9197449,1927.726479,65.90968987,41.47990045,608
21.54722487,1671.55062,66.18345465,41.65219281,609
27.2828177,1893.391335,66.54056416,41.87693772,610
32.27389715,2239.765625,66.92878475,42.12126221,611
36.15529657,1717.498694,67.24261882,42.31877195,612
40.29796115,1732.179258,67.63497709,42.56570047,613
44.40762648,1908.830305,68.062823,42.83496294,614
47.06129819,1472.549226,68.37615738,43.0321582,615
48.54412073,1406.861709,68.62542413,43.18903286,616
48.86514673,1416.165394,68.76656821,43.27786111,617
48.66399454,1410.335783,68.86072414,43.33711762,618
48.45555166,1404.29488,68.95373221,43.39565174,619
48.14545005,1395.307797,69.03697892,43.4480426,620
47.56860947,1378.590326,69.09901148,43.48708245,621
46.6197297,1351.090752,69.13575112,43.51020434,622
45.49954439,1318.626557,69.1588679,43.52475276,623
44.60724839,1292.766843,69.19493011,43.54744831,624
44.18905258,1280.647071,69.26109676,43.58908993,625
44.17726461,1280.305443,69.35836262,43.65030366,626
44.54172228,1290.867824,69.48755907,43.73161274,627
45.20534379,1310.100302,69.6435793,43.82980321,628
45.79830358,1327.284925,69.79632917,43.9259355,629
46.06367189,1334.975589,69.92268814,44.00545882,630
46.07579376,1335.326894,70.02591834,44.07042618,631
46.08581611,1335.617353,70.12834379,44.13488707,632
46.3277215,1342.628035,70.2500193,44.21146288,633
47.05485492,1363.701157,70.41527152,44.31546346,634
48.17002836,1396.020103,70.61639364,44.44203856,635
49.5107271,1434.875019,70.84286981,44.58457009,636
50.94564673,1476.460559,71.08799961,44.73884118,637
52.19546021,1512.68152,71.31760472,44.88334189,638
53.01411939,1536.407159,71.5106814,45.00485364,639
53.31341174,1545.080978,71.6382961,45.08516724,640
53.21440137,1542.211549,71.72337134,45.13870888,641
53.00334082,1536.094784,71.79784329,45.18557739,642
52.77743196,1529.547698,71.86997019,45.23097006,643
52.83771237,1531.29469,71.96505733,45.29081263,644
53.55751386,1552.155325,72.12010011,45.38838795,645
54.36803365,1254.654502,72.27284386,45.48451638,646
54.99666915,1204.331927,72.41959101,45.5768709,647
55.50728842,1215.513606,72.55871166,45.66442571,648
55.97741372,1225.808537,72.69434993,45.74978891,649
56.42851382,1235.686849,72.82914073,45.83461876,650
56.8139082,1244.126319,72.95856474,45.91607105,651
56.97979328,1247.758916,73.06459165,45.9827985,652
56.72483153,1242.175694,73.12877886,46.02319436,653
55.4245009,1213.700703,73.13362664,46.02624529,654
53.33773186,1168.00407,73.12024609,46.01782431,655
51.21776035,1410.798703,73.1110246,46.01202082,656
48.69090611,1411.11571,73.09933195,46.00466212,657
45.16592935,1308.958028,73.08608882,45.99632762,658
41.11162453,1191.45984,73.07291585,45.98803729,659
37.39552701,1502.018416,73.06184277,45.9810685,660
34.97887407,1503.542075,73.04957486,45.97334776,661
32.29615079,1388.227119,73.0365749,45.96516631,662
28.17060871,1210.893621,73.02363557,45.95702301,663
22.73586304,1443.470768,73.01425417,45.95111888,664
17.47242381,1212.563021,73.00280904,45.94391595,665
13.81131211,958.4867284,72.99013342,45.93593862,666
12.19105447,846.0429986,72.98328713,45.93162995,667
11.72411349,812.803107,72.99795766,45.94086276,668
12.69401178,880.9475687,73.04763375,45.97212613,669
15.65401124,1086.367602,73.18035026,46.05565054,670
20.58464983,1428.547376,73.43032972,46.21297374,671
25.43812705,1765.372253,73.70507484,46.38588307,672
30.00886688,2082.57553,74.01109331,46.57847411,673
33.17408639,1579.057079,74.22881269,46.7154946,674
35.13952666,1510.447613,74.40446609,46.8260411,675
37.15214864,1596.95874,74.60310732,46.95105486,676
39.15549758,1683.071273,74.81074958,47.08173337,677
40.45545362,1738.94896,74.98097617,47.18886454,678
40.66452527,1747.935757,75.07753939,47.24963608,679
40.0335243,1720.812628,75.12606643,47.2801763,680
37.50767622,1612.240841,75.11296598,47.2719316,681
33.80077771,1452.902439,75.09905517,47.26317691,682
29.41120531,1264.219786,75.08521931,47.25446939,683
24.85032197,1068.173452,75.0714683,47.24581527,684
21.08689585,1338.559475,75.07362848,47.24717476,685
19.27000344,1337.312661,75.07280354,47.24665559,686
18.20336987,1263.289707,75.09988255,47.26369762,687
19.48716963,1352.383707,75.19173955,47.32150732,688
22.24772478,1543.96257,75.35077558,47.42159577,689
24.75671699,1718.083299,75.51826323,47.5270032,690
27.0685926,1878.524398,75.69102742,47.63573139,691
29.27767376,1394.098906,75.83644562,47.72724953,692
30.65436304,1317.656038,75.95888883,47.80430849,693
31.16934186,1339.792037,76.04271735,47.85706551,694
31.53065907,1355.323001,76.11763291,47.9042132,695
32.28583498,1387.783701,76.21585283,47.96602737,696
33.04227938,1420.298927,76.31787052,48.03023165,697
33.03121458,1419.823315,76.38107303,48.07000779,698
30.50456897,1311.217246,76.38295068,48.07118948,699
27.10158726,1164.942493,76.36882913,48.06230216,700
23.966864,1521.069338,76.36792322,48.06173203,701
21.99352386,1526.321363,76.38365389,48.07163204,702
21.17609625,1469.592972,76.41507528,48.09140692,703
20.83279414,1445.768262,76.45380968,48.1157842,704
20.78949771,1442.763546,76.50306788,48.14678458,705
20.80640526,1443.936908,76.55506068,48.17950596,706
20.34672843,1412.035946,76.59076809,48.20197823,707
18.85997143,1308.856984,76.59201433,48.20276254,708
16.39860103,1138.041145,76.57803845,48.19396689,709
13.83150826,959.8883146,76.56422214,48.18527168,710
12.2869469,852.6978062,76.5586905,48.18179037,711
12.20673872,847.1314652,76.58032952,48.19540877,712
14.56255136,1010.621735,76.67998834,48.2581285,713
18.88394414,1310.520658,76.88164367,48.38503917,714
21.7331796,1508.253817,77.04701054,48.4891119,715
21.82130875,1514.369863,77.10750246,48.52718215,716
20.05959233,1392.109082,77.1154173,48.53216332,717
16.28136895,1129.905394,77.10129251,48.52327396,718
13.00041593,902.2116099,77.08724393,48.51443256,719
11.84924692,822.3220088,77.08678006,48.51414063,720
12.17511671,844.9369393,77.11830583,48.5339812,721
14.06075702,975.7978739,77.19647009,48.58317344,722
17.10673461,1187.184676,77.33211382,48.66854008,723
19.64834059,1363.568757,77.46749217,48.7537397,724
21.74328801,1508.955328,77.59879427,48.83637395,725
23.4626456,1628.276462,77.72421691,48.915308,726
25.43674747,1765.276512,77.86988019,49.00698038,727
28.3488836,1967.374894,78.07619311,49.13682228,728
32.39233633,2247.985146,78.37334943,49.32383598,729
36.30584311,1732.232176,78.65162444,49.49896682,730
39.04410911,1678.283318,78.89175471,49.65009149,731
41.09121323,1766.276636,79.10844563,49.78646473,732
42.1131319,1320.094492,79.23051221,49.86328665,733
42.28849567,1225.566853,79.3004583,49.90730684,734
42.33498878,1226.914275,79.36509899,49.94798811,735
42.45261915,1230.323331,79.434819,49.99186601,736
42.63486636,1235.605055,79.50930064,50.03874062,737
42.93148205,1244.201302,79.59243526,50.09106093,738
43.37955982,1257.187085,79.68828231,50.15138175,739
43.89061726,1271.998089,79.79173279,50.21648774,740
44.16024021,1279.812057,79.87690738,50.2700919,741
44.5916206,1292.313933,79.97461911,50.33158624,742
45.72631461,1325.198606,80.1355284,50.43285361,743
46.81817865,1356.84202,80.29698071,50.53446273,744
47.44371378,1374.970712,80.42072563,50.61234092,745
47.54896122,1378.020898,80.50035078,50.66245257,746
47.55992505,1378.338642,80.57156408,50.70727027,747
47.5501815,1378.056263,80.64048732,50.75064673,748
47.71067311,1382.707485,80.72272355,50.80240165,749
48.19131308,1396.636957,80.83193804,50.87113518,750
48.93837637,1418.287668,80.96735709,50.95636042,751
49.63898919,1438.592194,81.10066987,51.04026008,752
49.9325947,1447.101203,81.19948602,51.10244948,753
49.88776681,1445.802042,81.26960954,51.14658134,754
49.6525828,1438.986152,81.32372789,51.18064042,755
49.08046636,1422.405592,81.35096516,51.19778205,756
48.19053656,1396.614453,81.34863317,51.19631442,757
47.02201662,1362.749467,81.33796806,51.18960239,758
45.01587377,1304.609253,81.31919354,51.17778675,759
41.44362149,1201.081476,81.299871,51.16562622,760
36.54881893,1457.550036,81.28071193,51.15356856,761
31.35660848,1347.84156,81.26173554,51.14162588,762
26.12431356,1122.935076,81.24294212,51.12979834,763
20.4851319,1295.484704,81.22433605,51.11808871,764
15.81907933,1097.823108,81.20591379,51.10649477,765
12.704694,872.4534106,81.19124775,51.09726477,766
11.80744477,812.4358259,81.20142082,51.10366714,767
13.63405019,946.1849865,81.27162495,51.14784972,768
17.16248304,1191.053543,81.41952412,51.24092925,769
20.69956562,1436.522379,81.59105182,51.34887926,770
24.11499002,1673.548299,81.78336415,51.46990997,771
27.94220147,1939.151694,82.02109007,51.61952147,772
32.79294718,2275.787008,82.35682384,51.83081367,773
37.15500501,1772.692563,82.66024787,52.02177191,774
41.73068042,1793.763679,83.03975544,52.26061291,775
45.89498527,1972.763367,83.43521787,52.50949502,776
49.1701629,2113.544553,83.78456138,52.72935243,777
52.54181583,2258.472661,84.16600997,52.969415,778
55.15767949,1732.002724,84.45539287,53.15153653,779
57.20131604,1657.756697,84.72336442,53.32018295,780
59.02435505,1710.590361,84.98270008,53.48339442,781
60.34933873,1387.915158,85.17194835,53.60249678,782
61.50317017,1346.813045,85.36108973,53.72153187,783
62.51398879,1368.948225,85.52930414,53.82739668,784
63.2114774,1384.222019,85.65597202,53.90711441,785
63.65323827,1393.895818,85.74783857,53.96493012,786
63.95636721,1400.533817,85.82121538,54.01110941,787
64.39280928,1410.091144,85.90493557,54.06379825,788
64.99877983,1423.360851,86.005757,54.12724967,789
65.40092029,1432.167031,86.08163236,54.17500141,790
65.47892358,1433.875168,86.11985172,54.19905454,791
65.46886737,1433.654955,86.14764365,54.21654525,792
65.58027536,1436.094597,86.18825196,54.24210186,793
65.85095271,1442.021963,86.24983838,54.28086094,794
65.9487414,1444.163366,86.29395508,54.30862554,795
64.84058607,1419.896681,86.25370688,54.28329556,796
61.75434601,1352.313362,86.16627008,54.22826768,797
57.18000375,1252.143179,86.07926921,54.17351417,798
51.88701613,1136.235905,85.99318147,54.11933532,799
46.79385648,1285.276318,85.9102975,54.06717275,800
43.31299477,1255.257958,85.83219652,54.01802033,801
41.5744882,1204.874136,85.76964879,53.97865626,802
41.0307886,1189.117127,85.73502538,53.95686621,803
40.75651156,1644.45164,85.74948198,53.96596439,804
42.4782379,1825.896907,85.8887644,54.05362101,805
45.80599132,1968.938026,86.15123756,54.21880705,806
49.47729237,2126.746296,86.47119628,54.42017131,807
51.87596922,1632.875577,86.66973289,54.54511923,808
52.92036338,1533.690007,86.7682252,54.60710483,809
52.99028326,1535.716362,86.78626556,54.61845843,810
52.16162769,1511.701017,86.73129626,54.5838638,811
50.65877746,1468.146774,86.64397451,54.52890834,812
48.62680932,1409.258115,86.5567518,54.47401521,813
45.54678604,1319.995672,86.47003481,54.41944035,814
41.63354555,1206.585682,86.38393977,54.36525691,815
37.34601548,1490.149462,86.29851953,54.31149815,816
33.02558268,1419.581231,86.21379514,54.25817732,817
28.42641131,1221.889114,86.1297724,54.20529807,818
23.37856312,1481.915137,86.05345116,54.15726572,819
19.32314676,1341.000737,85.97411548,54.10733624,820
16.91069428,1173.579737,85.91408755,54.069558,821
16.977558,1178.219991,85.89682131,54.05869158,822
19.17236964,1330.537005,85.94702455,54.09028672,823
22.89225604,1588.692184,86.07679832,54.17195913,824
26.31423917,1826.173271,86.22021252,54.26221606,825
29.11361278,1379.949254,86.31697819,54.323115,826
31.75219426,1364.845534,86.43941971,54.4001729,827
34.10258938,1465.8756,86.56519109,54.47932643,828
36.22555144,1557.129617,86.68861632,54.55700342,829
38.16124389,1640.333983,86.80819601,54.63226024,830
40.24574608,1729.93483,86.94442447,54.71799487,831
42.79150353,1839.362407,87.12588839,54.83219819,832
45.27898929,1946.285217,87.31958701,54.95410135,833
47.09322039,1480.0508,87.4415285,55.03084455,834
48.13108832,1394.891578,87.5203604,55.08045697,835
48.65614091,1410.108176,87.56083028,55.10592647,836
49.14243173,1424.201416,87.59785794,55.12922963,837
49.67308948,1439.580458,87.64090346,55.15632009,838
50.1211339,1452.565275,87.67738625,55.17928033,839
50.60313554,1466.53421,87.71795586,55.20481259,840
51.35334672,1488.27615,87.78518925,55.24712555,841
52.19228297,1512.58944,87.86320197,55.29622243,842
52.94178919,1534.31095,87.93613954,55.34212528,843
53.87961742,1561.490238,88.02760634,55.39968941,844
54.72145781,1262.907326,88.09923752,55.4447701,845
55.62082371,1217.999832,88.19026811,55.50205971,846
56.47741483,1236.757696,88.28437574,55.56128582,847
56.92320932,1246.519825,88.33558508,55.59351414,848
57.16557863,1251.827293,88.36376766,55.61125069,849
57.43561543,1257.740632,88.39474945,55.63074891,850
58.02979995,1270.752245,88.46189606,55.67300726,851
59.12846787,1294.811173,88.59112693,55.75433799,852
60.48841892,1324.591748,88.76971976,55.86673441,853
61.51728552,1347.122147,88.90030181,55.9489155,854
62.17593908,1361.545521,88.98696627,56.0034573,855
62.74918829,1374.098687,89.06320957,56.0514406,856
63.26339356,1385.358893,89.13451215,56.09631449,857
63.56424484,1391.947016,89.18402712,56.12747647,858
63.64203221,1393.650425,89.2070132,56.14194262,859
63.94503661,1400.285697,89.2541246,56.17159193,860
64.95734657,1422.453534,89.38913902,56.25656251,861
66.22110592,1450.127678,89.5689328,56.36971473,862
67.19315527,1471.413877,89.70914837,56.45795863,863
68.07343072,1490.690387,89.83838757,56.53929461,864
69.69135515,1526.120133,90.07606252,56.68887403,865
71.59672497,1567.844437,90.3686843,56.87303394,866
72.7281023,1592.619643,90.55245244,56.98868741,867
73.29274788,1604.984405,90.65892683,57.05569648,868
74.02582727,1621.037576,90.78612045,57.13574508,869
75.24391392,1647.711566,90.9817215,57.25884553,870
76.41539489,1673.364973,91.17869686,57.38281088,871
76.84473768,1682.766838,91.28035687,57.44679005,872
76.65818156,1678.681581,91.3024514,57.46069512,873
76.24820155,1669.703728,91.29641369,57.45689532,874
75.77409617,1659.321641,91.28168512,57.44762598,875
75.25186189,1647.885613,91.26052986,57.43431203,876
74.51849055,1631.826049,91.21466595,57.40544783,877
73.44588444,1608.337831,91.13304762,57.35408178,878
72.07599573,1578.339638,91.0312554,57.29001941,879
70.82389366,1550.920768,90.94821213,57.23775659,880
70.10116311,1535.094219,90.90516059,57.21066234,881
69.81733,1528.878765,90.89744759,57.2058082,882
69.52580719,1522.49492,90.89194759,57.20234681,883
68.59090485,1502.022175,90.80930027,57.15033318,884
67.86572158,1486.141916,90.7443991,57.10948798,885
67.80397314,1484.789732,90.75672584,57.11724574,886
67.88632417,1486.593077,90.78499249,57.1350352,887
68.08955317,1491.043441,90.82879701,57.16260334,888
68.39455088,1497.722363,90.88733405,57.1994433,889
68.61168398,1502.477202,90.93558278,57.22980838,890
68.64744451,1503.260296,90.96242591,57.24670195,891
68.40248319,1497.896067,90.95811219,57.24398714,892
67.86901697,1486.214079,90.92145509,57.22091719,893
66.90413915,1465.084924,90.84394744,57.17213818,894
65.5992933,1436.511057,90.75166164,57.11405862,895
64.25993431,1407.181412,90.65158026,57.05107296,896
63.09628629,1381.699533,90.55573253,56.99075171,897
62.22628148,1362.647932,90.49378726,56.9517668,898
61.82985141,1353.9668,90.46059775,56.93087916,899
61.6920935,1350.95014,90.45211954,56.92554345,900
61.69649826,1351.046596,90.45892006,56.92982332,901
61.59965151,1348.92582,90.45595304,56.92795604,902
61.26172913,1341.525904,90.42795695,56.91033685,903
60.45202198,1323.794718,90.35920561,56.86706858,904
57.1887311,1252.334292,90.26118564,56.80538025,905
51.8941518,1136.392164,90.16340948,56.74384536,906
46.79686954,1285.007316,90.06648513,56.68284655,907
43.31419834,1255.292838,89.97031086,56.62231981,908
41.57540338,1204.900659,89.8854959,56.56894198,909
41.03145732,1189.136507,89.82544729,56.53115072,910
40.7569801,1644.469071,89.81370975,56.52376376,911
42.4785508,1825.910356,89.92988681,56.59687915,912
45.8062101,1968.94743,90.17701995,56.75241104,913
49.47741192,2126.751434,90.48355036,56.94532426,914
51.96542335,2233.69684,90.71553384,57.09132179,915
53.34377042,2292.94411,90.85735549,57.18057646,916
55.36423034,2379.792146,91.06100659,57.30874316,917
57.64233979,1812.197277,91.25735758,57.43231558,918
58.78203873,1703.567769,91.36788393,57.50187472,919
59.39487495,1721.328433,91.44169921,57.54832996,920
59.22858719,1365.904752,91.41921064,57.5341769,921
59.24583658,1297.381344,91.41614632,57.53224839,922
59.76203285,1308.68515,91.47027132,57.56631167,923
60.97139718,1335.168137,91.61353942,57.65647665,924
62.69434832,1372.897787,91.84305516,57.80092113,925
64.3642134,1409.464943,92.07239513,57.94525497,926
65.06601913,1424.833275,92.18095583,58.01357705,927
63.91712441,1399.674468,92.10125476,57.96341762,928
62.61859029,1371.238817,92.01321226,57.90800856,929
61.85445964,1354.505677,91.94971722,57.8680483,930
61.18697798,1339.888983,91.88380744,57.82656835,931
60.70781438,1329.396129,91.83574795,57.79632237,932
60.31476047,1320.788929,91.7962578,57.77146946,933
59.97479888,1313.344358,91.76180061,57.74978402,934
59.58820342,1304.878586,91.7222917,57.7249193,935
59.08108179,1293.773499,91.67075782,57.69248674,936
58.17078656,1273.839608,91.58474538,57.63835529,937
57.05703586,1249.450394,91.49198434,57.57997663,938
56.25442977,1231.874709,91.42327295,57.5367335,939
55.69321342,1219.585042,91.35949103,57.4965927,940
55.18544722,1208.46584,91.30035193,57.45937383,941
54.67072453,1197.194304,91.24039358,57.42163938,942
54.16074777,1186.026695,91.18018647,57.38374836,943
53.87139114,1179.690285,91.14115543,57.35918439,944
53.77431278,1177.564437,91.12008142,57.34592158,945
53.7447476,1176.917011,91.10503032,57.33644925,946
53.79974951,1178.121457,91.09726795,57.33156405,947
53.95267222,1181.4702,91.09900066,57.33265452,948
54.32976474,1189.727874,91.12463446,57.34878701,949
55.11247561,1206.867888,91.19747597,57.39462941,950
55.90354464,1224.190932,91.27506249,57.44345807,951
56.29740928,1232.815886,91.31062433,57.46583871,952
56.02419514,1226.832969,91.28002535,57.44658141,953
54.2410616,1187.785429,91.18599861,57.3874062,954
50.80408925,1395.618252,91.08647351,57.32477063,955
45.8493441,1328.764135,90.98768695,57.26259985,956
40.43526988,1171.858343,90.88976221,57.20097145,957
34.93462173,1392.726031,90.79375507,57.14054989,958
29.60691893,1272.632397,90.69795993,57.08026174,959
25.93304975,1114.713737,90.60258026,57.02023507,960
24.25178915,1544.363566,90.55332505,56.98923658,961
26.49317047,1838.590866,90.64118267,57.04452929,962
31.07617849,2156.645539,90.86443846,57.18503409,963
36.92495012,2562.542527,91.22487603,57.41187349,964
42.11357206,2008.763495,91.54038058,57.61043454,965
46.66510384,2005.866367,91.87389023,57.820327,966
49.93458645,2146.402757,92.1494047,57.99372052,967
51.63805858,1625.610871,92.27669495,58.07382994,968
52.36667816,1517.643604,92.33008993,58.10743377,969
52.38916514,1518.295301,92.32539515,58.10447914,970
52.12679028,1510.691391,92.29553064,58.08568407,971
51.52536702,1493.261487,92.23803525,58.04949967,972
50.21350856,1455.242394,92.14906482,57.99350662,973
47.60718039,1379.708153,92.04791937,57.92985128,974
43.20942609,1252.256424,91.947425,57.86660571,975
37.83552418,1096.51487,91.84778181,57.80389581,976
31.99671105,1915.626883,91.77970201,57.76105017,977
26.83835786,1862.546413,91.69556253,57.70809745,978
21.54689923,1495.326207,91.59850855,57.64701706,979
17.25784393,1197.671462,91.50228502,57.58645931,980
14.2650211,989.9735301,91.4067048,57.52630642,981
11.71233317,792.9360767,91.31886252,57.47102337,982
9.580725468,750.0001561,91.2532981,57.42976077,983
7.879429892,750,91.18464716,57.38655567,984
6.240808604,750,91.1163522,57.34357462,985
4.235479763,750,91.04842887,57.30082744,986
2.0361245,546.4975314,90.97252923,57.25306042,987
0.46322516,65.01926612,90.88030544,57.19501989,988
0.000177271,0.005202152,90.78793704,57.13688835,989
4.82577E-06,8.87028E-08,90.69577359,57.07888578,990
1.45749E-06,0,90.60379491,57.0209995,991
6.43379E-07,0,90.51200046,56.96322918,992
3.37666E-07,0,90.42038973,56.90557447,993
1.95822E-07,0,90.32896218,56.84803504,994
1.21165E-07,0,90.23771728,56.79061057,995
7.84389E-08,0,90.14665451,56.73330072,996
5.24899E-08,0,90.05577336,56.67610516,997
3.60199E-08,0,89.96508031,56.61902799,998
2.5207E-08,0,89.87461567,56.56209457,999
1.79171E-08,0,89.78439331,56.50531362,1000
1.28969E-08,0,89.69441228,56.44868455,1001
9.37961E-09,0,89.60467161,56.39220676,1002
6.88E-09,0,89.51517034,56.33587963,1003
5.0826E-09,0,89.42590751,56.27970256,1004
3.77732E-09,0,89.33688218,56.22367496,1005
2.82151E-09,0,89.2480934,56.16779622,1006
2.11666E-09,0,89.15954022,56.11206577,1007
1.59374E-09,0,89.07122171,56.056483,1008
1.20379E-09,0,88.98313693,56.00104733,1009
9.11728E-10,0,88.89528496,55.94575818,1010
6.9214E-10,0,88.80766488,55.89061496,1011
5.26501E-10,0,88.72027578,55.83561711,1012
3.65793E-10,0,88.63311673,55.78076404,1013
6.64565E-20,0,88.54618683,55.72605519,1014
6.64565E-20,0,88.45948518,55.67148999,1015
6.64565E-20,0,88.37301089,55.61706786,1016
6.64565E-20,0,88.28676305,55.56278826,1017
6.64565E-20,0,88.20074078,55.50865062,1018
6.64565E-20,0,88.1149432,55.45465439,1019
6.64565E-20,0,88.02936943,55.400799,1020
6.64565E-20,0,87.94401859,55.34708392,1021
6.64565E-20,0,87.85888981,55.29350859,1022
6.64565E-20,0,87.77398223,55.24007248,1023
6.64565E-20,0,87.68929498,55.18677502,1024
6.64565E-20,0,87.60482722,55.1336157,1025
6.64565E-20,0,87.52057808,55.08059397,1026
6.64565E-20,0,87.43654672,55.0277093,1027
6.40932E-20,0,87.3527323,54.97496115,1028
0,0,87.26913397,54.922349,1029
0.794158701,583.0926971,87.23499994,54.90086694,1030
4.874048909,772.856535,87.24185289,54.9051798,1031
10.73539673,1299.952271,87.32342556,54.95651711,1032
17.05228456,2064.866031,87.50238175,55.06914221,1033
22.0457094,1722.395123,87.64296302,55.15761626,1034
26.25087684,1821.77601,87.80027653,55.25662065,1035
29.99725161,2081.769446,87.98365355,55.37202797,1036
33.20681577,1577.274468,88.11919121,55.45732785,1037
36.22972928,1557.309199,88.2878467,55.56347025,1038
38.7399418,1665.208902,88.44241826,55.66074901,1039
40.75238383,1751.712295,88.57384836,55.74346382,1040
42.66871549,1834.084451,88.7054058,55.82625877,1041
44.88144207,1929.196932,88.86968252,55.92964542,1042
47.28724089,2032.608487,89.06385658,56.0518478,1043
49.32121185,1551.033051,89.20664956,56.14171377,1044
51.12529705,1481.667021,89.36085544,56.2387624,1045
52.38883938,1518.28586,89.4748051,56.31047599,1046
52.93531151,1534.12322,89.52546785,56.34236031,1047
53.06409193,1537.855418,89.53868139,56.35067618,1048
53.14139421,1540.095722,89.54679265,56.35578095,1049
53.29524643,1544.554528,89.56236318,56.36558018,1050
53.32995626,1545.560456,89.56839191,56.36937433,1051
52.89968229,1533.090646,89.53519092,56.34847947,1052
51.65545709,1497.031639,89.45565994,56.29842708,1053
49.82933408,1444.108597,89.36050193,56.23853991,1054
47.67005343,1381.530283,89.26584838,56.17897023,1055
45.12116999,1307.660853,89.17173984,56.11974353,1056
41.97372363,1216.444415,89.0782265,56.06089143,1057
38.02668831,1102.055015,88.98539004,56.00246531,1058
32.66144629,1959.416845,88.93047789,55.96790665,1059
27.50006095,1908.467729,88.85615161,55.92112982,1060
22.72579306,1577.139874,88.76568847,55.86419734,1061
18.43796926,1279.570593,88.675994,55.80774862,1062
14.69167252,1019.582573,88.5870202,55.75175345,1063
12.39015249,859.8601373,88.5064292,55.70103394,1064
11.66939628,810.3431164,88.43603707,55.65673304,1065
12.01762295,834.0070817,88.3914389,55.62866543,1066
13.67233405,948.8418353,88.38449061,55.62429256,1067
17.3658549,1205.16728,88.46798993,55.6768424,1068
21.72262018,1507.521008,88.60875312,55.76543094,1069
24.29676028,1686.162914,88.69808902,55.82165399,1070
25.18189916,1747.590377,88.72051819,55.83576967,1071
25.98604659,1803.397142,88.74121505,55.84879513,1072
27.69058689,1921.689976,88.80722612,55.89033883,1073
29.99232027,1427.843445,88.88708042,55.9405947,1074
33.23530581,1428.596031,89.05998643,56.04941214,1075
37.26415965,1601.773454,89.31644009,56.21080984,1076
41.94067568,1802.790176,89.64320399,56.4164569,1077
46.94727133,2017.995137,90.03805745,56.66495575,1078
51.48659162,2213.114598,90.43711555,56.91610077,1079
55.13887269,2370.105307,90.79016004,57.13828737,1080
57.69892598,1814.439634,91.01528027,57.27996555,1081
60.04457273,1740.157385,91.25211272,57.42901475,1082
62.07389413,1798.969339,91.47829276,57.57135991,1083
63.08732699,1451.882703,91.57859094,57.63448202,1084
63.2101204,1384.192303,91.59868093,57.64712555,1085
62.20295132,1362.137042,91.5327007,57.60560125,1086
60.43356575,1323.390559,91.43150277,57.54191289,1087
59.09463896,1294.070378,91.34426836,57.4870124,1088
58.55176788,1282.18244,91.29366255,57.45516391,1089
58.48793037,1280.784509,91.28331811,57.44865369,1090
58.60670363,1283.385438,91.29191306,57.45406288,1091
58.72532767,1285.983099,91.30120484,57.45991061,1092
58.76823505,1286.922697,91.30293375,57.46099869,1093
58.86174003,1288.970294,91.30955395,57.46516507,1094
59.33435271,1299.319694,91.35775203,57.49549827,1095
60.49377162,1324.708963,91.4927671,57.58046926,1096
62.09098482,1359.68517,91.70431326,57.71360467,1097
63.39329144,1388.203432,91.87633124,57.82186324,1098
64.05563024,1402.707506,91.9624121,57.87603776,1099
64.08739441,1403.403086,91.97733239,57.88542776,1100
63.35305753,1387.322379,91.91837743,57.84832478,1101
61.59909645,1348.913665,91.81683262,57.78441811,1102
59.79082067,1309.315553,91.7149466,57.7202967,1103
58.70598438,1285.559515,91.62675231,57.66479211,1104
58.04678911,1607.063723,91.58370125,57.63769816,1105
58.81175713,1704.429041,91.66620817,57.68962344,1106
60.64850952,1757.660134,91.85786635,57.81024246,1107
62.40820362,1435.882014,92.03831105,57.92380434,1108
63.83425152,1397.859695,92.22211077,58.03947768,1109
64.49411663,1412.3096,92.30996515,58.09476836,1110
64.25806928,1407.140571,92.29646892,58.08627457,1111
63.02471733,1380.132296,92.20470232,58.02852177,1112
61.75959705,1352.428351,92.11096167,57.96952661,1113
60.83261841,1682.609759,92.05009742,57.93122203,1114
61.33373909,1777.518836,92.11498483,57.97205856,1115
63.28515347,1834.072959,92.33044091,58.10765466,1116
66.15799171,1917.330953,92.66882979,58.32061784,1117
68.28878363,1577.32261,92.92496952,58.48181797,1118
69.52558691,1522.490096,93.10191334,58.59317659,1119
69.74962248,1527.396087,93.15210101,58.62476192,1120
69.0655917,1512.416996,93.10254505,58.59357415,1121
67.75574952,1483.733718,92.99844493,58.52805931,1122
66.65979889,1459.734295,92.91064825,58.47280496,1123
65.98327711,1444.919638,92.84926022,58.43417074,1124
65.35108565,1431.075739,92.79144542,58.39778531,1125
64.11823841,1404.078517,92.70376018,58.34260109,1126
61.750676,1352.232995,92.59962282,58.27706281,1127
57.97979552,1269.657235,92.49609133,58.21190584,1128
53.01619131,1160.962888,92.39335027,58.14724632,1129
47.59241194,1307.168917,92.29150298,58.08314929,1130
42.37527602,1228.081843,92.19055839,58.01962037,1131
37.88967962,1098.084353,92.0904603,57.95662419,1132
34.04534391,1358.13266,91.99331834,57.89548843,1133
30.90869321,1328.58824,91.89548199,57.83391566,1134
27.8324067,1196.356248,91.79736476,57.77216612,1135
24.07263866,1526.995236,91.70950345,57.71687109,1136
20.58101045,1428.294807,91.61691179,57.65859904,1137
17.35267385,1204.252533,91.5206917,57.59804345,1138
15.03163222,1043.175324,91.43308748,57.54291022,1139
14.06085249,975.8044994,91.35501658,57.49377673,1140
13.91712172,965.8297751,91.29458388,57.45574374,1141
14.18006262,984.0775243,91.24695313,57.42576759,1142
14.64536387,1016.368814,91.20672675,57.40045134,1143
15.5373991,1078.274874,91.18053674,57.3839688,1144
17.50551567,1214.859552,91.19445108,57.39272572,1145
20.73336206,1438.867807,91.27323628,57.44230875,1146
23.61161419,1638.614685,91.36069959,57.4973533,1147
24.84000326,1723.863256,91.38853964,57.51487429,1148
23.99291951,1665.076767,91.34081785,57.48484084,1149
20.13862237,1397.593662,91.2449048,57.42447849,1150
15.59112442,1082.003341,91.1495999,57.36449887,1151
12.80382651,888.5685652,91.06132062,57.30894079,1152
11.83148038,821.0890341,90.98592211,57.26148916,1153
11.81010576,819.6056637,90.92750218,57.22472289,1154
12.57053939,872.3787487,90.88750677,57.199552,1155
15.39049896,1068.0802,90.91986335,57.21991544,1156
20.11796073,1396.159772,91.05956476,57.30783575,1157
25.25260909,1752.497553,91.25735333,57.4323129,1158
29.51312603,2048.171773,91.44953359,57.55326049,1159
33.44562502,2321.081983,91.66288997,57.68753515,1160
37.11054194,1770.280261,91.8415872,57.79999727,1161
40.82492756,1754.830535,92.07005366,57.94378138,1162
43.96229292,1889.687959,92.2876764,58.08074105,1163
46.86613309,2014.507467,92.50877013,58.21988517,1164
49.09430159,1543.858774,92.66891476,58.32067131,1165
51.26805436,1485.804285,92.85890708,58.44024193,1166
53.5432737,1551.742629,93.07549386,58.57654963,1167
55.59051574,1611.073943,93.2710497,58.69962162,1168
57.57671597,1668.636197,93.46605847,58.82234932,1169
59.29783413,1718.516084,93.6367472,58.92977133,1170
60.91709481,1765.444029,93.80448112,59.03533375,1171
62.43750435,1809.507161,93.9689678,59.13885254,1172
63.67408995,1465.474913,94.08709992,59.21319834,1173
64.879904,1420.757676,94.23117516,59.3038713,1174
66.32769406,1452.461774,94.4259269,59.42643723,1175
67.73660453,1483.314476,94.61987618,59.54849814,1176
69.0462161,1511.992704,94.80147943,59.66278915,1177
70.29441508,1539.326103,94.97844475,59.7741613,1178
71.25101829,1560.274058,95.11028133,59.85713193,1179
72.21810521,1581.451589,95.24343652,59.94093241,1180
73.16960791,1602.287853,95.37517214,60.0238395,1181
73.99754652,1620.418276,95.49263723,60.0977655,1182
74.68497968,1635.471873,95.5939562,60.16153004,1183
75.35715871,1650.191431,95.69284331,60.2237641,1184
76.03646251,1665.06701,95.79230252,60.28635821,1185
76.75337554,1680.766165,95.895846,60.35152272,1186
77.54187129,1698.032858,96.00791413,60.42205219,1187
78.27977574,1714.191689,96.11429317,60.48900125,1188
78.85239389,1726.731036,96.19961447,60.54269774,1189
79.40300595,1738.788488,96.28064105,60.59369137,1190
80.04970439,1752.950065,96.37460209,60.65282523,1191
80.68365178,1766.832416,96.4664762,60.7106457,1192
81.34360036,1781.284149,96.56229514,60.77094882,1193
82.01067319,1795.89189,96.65817999,60.83129343,1194
82.70606076,1811.119675,96.75914321,60.89483407,1195
83.22036288,1822.382002,96.83490767,60.94251602,1196
83.67489817,1832.335538,96.90209098,60.98479747,1197
84.06544451,1840.887828,96.95926562,61.02078001,1198
84.48273976,1850.025872,97.01988977,61.05893348,1199
84.97046912,1860.706301,97.09075952,61.10353497,1200
85.43817662,1870.948287,97.15911007,61.14655101,1201
85.93582522,1881.84593,97.23090747,61.19173631,1202
86.56041524,1895.523371,97.32284252,61.24959513,1203
87.11139534,1907.588882,97.4031839,61.30015754,1204
87.70832972,1920.660713,97.49133926,61.35563762,1205
88.21745243,1931.80962,97.56735199,61.40347582,1206
88.55809125,1939.269021,97.61692298,61.43467305,1207
88.90633196,1946.89489,97.66752659,61.46652015,1208
89.20064147,1953.339759,97.71078601,61.49374523,1209
89.55314053,1961.058879,97.76142724,61.52561601,1210
90.00961751,1971.054935,97.82798881,61.56750617,1211
90.41936478,1980.027691,97.88639824,61.60426582,1212
90.81915642,1988.782437,97.94293674,61.63984801,1213
91.18654394,1996.827588,97.99552068,61.67294143,1214
91.48764414,2003.421162,98.03951326,61.70062791,1215
91.78037987,2009.831568,98.0822689,61.72753594,1216
92.07483705,2016.279671,98.12512274,61.75450577,1217
92.46687206,2024.864559,98.18215065,61.79039597,1218
92.96367133,2035.743604,98.25759114,61.83787403,1219
93.25553758,2042.13497,98.30063939,61.8649662,1220
93.45105262,2046.416411,98.33000267,61.88344582,1221
93.63836107,2050.518142,98.35803715,61.90108917,1222
93.82895957,2054.69192,98.38644913,61.91897009,1223
93.99044901,2058.228259,98.41097572,61.93440577,1224
94.0875717,2060.355078,98.42562899,61.94362772,1225
94.20967089,2063.028839,98.44356519,61.95491577,1226
94.36872422,2066.511832,98.46758207,61.97003066,1227
94.50412388,2069.47685,98.4877391,61.98271638,1228
94.66546575,2073.009958,98.51200805,61.99798991,1229
94.76990549,2075.297008,98.52784824,62.00795884,1230
94.89756168,2078.092458,98.54656892,62.0197406,1231
95.06044479,2081.659316,98.57093811,62.03507722,1232
95.19847001,2084.68183,98.59139493,62.0479516,1233
95.36162315,2088.254601,98.6157214,62.06326133,1234
95.49932701,2091.270077,98.63608454,62.07607676,1235
95.66220708,2094.836869,98.66028607,62.09130786,1236
95.7676794,2097.146531,98.67630538,62.10138953,1237
95.89606458,2099.957944,98.69502035,62.11316769,1238
96.0594396,2103.535574,98.71915794,62.12835855,1239
96.19779355,2106.565286,98.73949545,62.14115785,1240
96.36115667,2110.142656,98.76354561,62.15629368,1241
96.49900954,2113.161396,98.78375525,62.16901251,1242
96.69404702,2117.432379,98.81160302,62.18653836,1243
96.89803584,2121.899381,98.84070178,62.2048515,1244
97.10129165,2126.350332,98.86965747,62.2230746,1245
97.2714824,2130.077215,98.89450409,62.23871169,1246
97.37454808,2132.334175,98.91022249,62.24860397,1247
97.43665575,2133.694226,98.91966593,62.25454715,1248
97.43362905,2133.627946,98.91825183,62.25365719,1249
97.42360045,2133.408337,98.9155787,62.25197487,1250
97.38410421,2132.543438,98.908883,62.24776097,1251
97.31258606,2130.977314,98.8969082,62.2402247,1252
97.30068687,2130.716743,98.89395951,62.23836895,1253
97.29988937,2130.699279,98.89290205,62.23770345,1254
97.26780987,2129.996793,98.88751386,62.23431242,1255
97.16937263,2127.841188,98.87201895,62.22456078,1256
97.06252869,2125.50149,98.85518527,62.2139666,1257
96.95727087,2123.196526,98.83863697,62.20355202,1258
96.82156813,2120.224871,98.81749965,62.19024937,1259
96.58855678,2115.122325,98.78117084,62.16738603,1260
96.28151458,2108.398632,98.73399367,62.13769533,1261
95.93615559,2100.835868,98.68202741,62.10499066,1262
95.59207407,2093.301078,98.62985265,62.07215476,1263
95.37540971,2088.556503,98.59600722,62.05085432,1264
95.2113475,2084.963824,98.57029201,62.0346706,1265
95.08154897,2082.121461,98.55070096,62.02234108,1266
94.92469735,2078.686682,98.52647539,62.00709485,1267
94.79134576,2075.766513,98.506464,61.99450079,1268
94.59941605,2071.563584,98.47736976,61.97619049,1269
94.42955656,2067.843955,98.45135236,61.95981659,1270
94.35818725,2066.281091,98.44025277,61.95283112,1271
94.3301944,2065.668096,98.43631452,61.9503526,1272
94.27506193,2064.46079,98.4280267,61.9451367,1273
94.21089253,2063.055591,98.41899559,61.93945303,1274
94.02133879,2058.904692,98.39091058,61.92177788,1275
93.71704183,2052.241115,98.34746987,61.89443871,1276
93.18288789,2040.544067,98.2717142,61.84676229,1277
92.49599466,2025.502294,98.17700986,61.78716064,1278
91.70570313,2008.196276,98.07019673,61.71993838,1279
90.97055464,1992.097796,97.97090768,61.65745137,1280
90.28564957,1977.09956,97.87822085,61.59911942,1281
89.64151939,1962.994223,97.79158346,61.54459466,1282
88.97484301,1948.395163,97.70299265,61.48884052,1283
88.3664921,1935.073331,97.62206951,61.43791199,1284
87.73690088,1921.286372,97.53987913,61.38618593,1285
87.04084097,1906.043864,97.45067272,61.33004436,1286
86.33513383,1890.590098,97.3610536,61.27364306,1287
85.63056265,1875.161208,97.27234626,61.21781559,1288
84.95888266,1860.452578,97.18800293,61.16473457,1289
84.35470147,1847.222055,97.11247224,61.11719975,1290
83.76029147,1834.205504,97.03880373,61.07083688,1291
83.16477042,1821.164623,96.96554659,61.0247329,1292
82.56782114,1808.092466,96.8926404,60.97884979,1293
81.969874,1794.998458,96.82012554,60.93321297,1294
81.37119659,1781.888458,96.74802412,60.88783633,1295
80.77198594,1768.766782,96.67634869,60.84272779,1296
80.17245143,1755.638013,96.60511478,60.79789713,1297
79.60379709,1743.185467,96.53770792,60.75547499,1298
79.16528633,1733.582839,96.48542143,60.72256877,1299
78.86893182,1727.093188,96.45039762,60.70052674,1300
78.58850275,1720.952277,96.41774221,60.67997523,1301
78.30316565,1714.703888,96.38456436,60.65909494,1302
78.01326383,1708.355539,96.35088872,60.63790135,1303
77.72015426,1701.936947,96.31688921,60.61650395,1304
77.42484992,1695.470292,96.2827135,60.59499566,1305
77.1280619,1688.971148,96.24849697,60.57346167,1306
76.8302525,1682.449637,96.21430985,60.55194619,1307
76.40760792,1673.194452,96.16698221,60.52216081,1308
75.93588415,1662.864518,96.11174858,60.48739983,1309
75.89155278,1661.893737,96.10737746,60.48464889,1310
75.88937601,1661.84607,96.10882426,60.48555942,1311
75.84752911,1660.929695,96.10559168,60.48352502,1312
75.82420242,1660.418881,96.10455098,60.48287005,1313
75.73956783,1658.56553,96.09693049,60.47807414,1314
75.61062925,1655.741998,96.08440523,60.47019144,1315
75.38222437,1650.740326,96.06006247,60.45487146,1316
75.10866799,1644.749914,96.02953946,60.43566197,1317
74.86259719,1639.361389,96.00292114,60.41890987,1318
74.46945763,1630.752313,95.95992137,60.39184821,1319
73.9302586,1618.944787,95.8994895,60.35381574,1320
73.49660173,1609.448452,95.85151784,60.32362504,1321
73.2756626,1604.610267,95.82684926,60.30810001,1322
73.55219835,1610.665922,95.8617258,60.33004937,1323
74.21404754,1625.159274,95.94594513,60.38305233,1324
75.25852436,1648.03151,96.07972242,60.46724434,1325
76.65304108,1678.569014,96.26369567,60.58302689,1326
78.29303331,1714.482007,96.48574012,60.72276934,1327
79.75467426,1746.489416,96.68363944,60.84731619,1328
80.72045995,1767.638452,96.81354811,60.9290735,1329
81.13486296,1776.713161,96.86806076,60.96338073,1330
81.22996002,1778.795622,96.87843285,60.96990835,1331
81.1767537,1777.630496,96.869428,60.9642412,1332
81.12212255,1776.434168,96.86008583,60.95836175,1333
81.08345143,1775.587337,96.8527205,60.95372642,1334
81.0250242,1774.307882,96.84338432,60.94785075,1335
80.84467374,1770.358519,96.81954184,60.93284562,1336
80.52848943,1763.434629,96.77809654,60.90676224,1337
80.20059404,1756.254288,96.73516363,60.87974265,1338
79.94373967,1750.629621,96.70096901,60.85822246,1339
79.82637034,1748.059436,96.68484575,60.84807538,1340
79.76274525,1746.666156,96.67509416,60.84193827,1341
79.76558294,1746.728297,96.67343306,60.84089286,1342
79.80771889,1747.651001,96.67653883,60.84284746,1343
79.91391149,1749.976435,96.68795276,60.85003075,1344
80.12215059,1754.536512,96.71210794,60.86523268,1345
80.52685132,1763.398758,96.76335301,60.89748349,1346
80.95416364,1772.756158,96.81834331,60.93209133,1347
81.34261949,1781.262669,96.86806406,60.96338281,1348
81.59425563,1786.773066,96.89934576,60.98306977,1349
81.66784014,1788.384439,96.90692675,60.98784083,1350
81.59247214,1786.73401,96.89621959,60.98110233,1351
81.2197274,1778.571545,96.84993168,60.9519713,1352
80.36694833,1759.897159,96.74645816,60.8868508,1353
79.04815317,1731.017826,96.59735587,60.7930141,1354
77.57903907,1698.846768,96.44727138,60.69855925,1355
76.08262705,1666.077933,96.30126709,60.60667226,1356
74.54947206,1632.504491,96.15922107,60.51727638,1357
72.9226305,1596.879474,96.02101367,60.43029631,1358
71.10038985,1556.975556,95.88654877,60.34567157,1359
69.13290287,1513.890995,95.75573589,60.2633452,1360
67.06874866,1468.689588,95.628476,60.18325489,1361
64.8555448,1420.224251,95.50467261,60.10533991,1362
62.59788887,1370.785491,95.38423493,60.02954311,1363
60.80435849,1331.510278,95.26703236,59.95578232,1364
59.74232627,1308.25361,95.17650624,59.89881021,1365
59.64214442,1306.059801,95.15944648,59.88807374,1366
60.47433893,1324.283421,95.23884679,59.93804389,1367
61.8192076,1353.733718,95.39315505,60.03515694,1368
62.65615944,1372.061516,95.47708317,60.08797664,1369
62.62333605,1371.342741,95.46358231,60.07947995,1370
61.28715154,1342.082611,95.3634696,60.01647457,1371
59.40660002,1300.901785,95.246958,59.94314864,1372
58.11193696,1272.550904,95.14904885,59.88153005,1373
57.64565047,1262.340036,95.09846756,59.84969699,1374
57.62075249,1261.794814,95.07892376,59.83739721,1375
57.5382124,1259.987328,95.05563044,59.82273769,1376
56.93802494,1246.844261,94.98657866,59.77928033,1377
55.37404672,1212.595843,94.87990305,59.71214462,1378
52.58225339,1151.460398,94.77208749,59.64429149,1379
48.41031453,1331.877149,94.66497414,59.5768803,1380
42.9897554,1245.890127,94.55875002,59.51002873,1381
37.5620556,1088.589451,94.45348827,59.44378283,1382
32.00736832,1280.64971,94.34918673,59.37814123,1383
28.19311338,1211.860968,94.24577745,59.31306117,1384
27.6433367,1188.229208,94.19913735,59.28370848,1385
30.31107472,1302.900033,94.30937675,59.35308703,1386
33.89940578,1457.141897,94.50794842,59.47805702,1387
36.20917052,1556.425495,94.62620835,59.55248326,1388
37.28066089,1602.482748,94.6631161,59.57571095,1389
38.53058084,1656.20967,94.71378212,59.60759733,1390
40.87477527,1756.973204,94.84618273,59.69092293,1391
44.39251933,1908.180936,95.08266731,59.83975319,1392
48.3450872,2078.07926,95.38096855,60.02748743,1393
51.30457176,1613.740191,95.58934207,60.15862616,1394
53.52729741,1551.279619,95.76870116,60.27150482,1395
54.81842974,1588.698046,95.86075294,60.3294371,1396
55.20816536,1599.99301,95.86760194,60.33374748,1397
55.07905877,1596.25136,95.82766212,60.30861157,1398
54.66396419,1584.221465,95.76350497,60.26823463,1399
53.88067927,1561.521012,95.66877845,60.20861901,1400
52.79299317,1529.998679,95.55036791,60.13409799,1401
51.48484971,1492.087251,95.44023964,60.06478937,1402
49.93681483,1447.223507,95.32330964,59.99120012,1403
48.24887052,1398.305035,95.20935736,59.91948488,1404
46.26403198,1340.782243,95.09836753,59.84963404,1405
43.42029296,1258.367577,94.99024721,59.78158911,1406
39.01106736,1130.583396,94.88386618,59.7146388,1407
33.56315043,1337.701416,94.77842663,59.648281,1408
29.12365859,1251.859794,94.67390516,59.58250098,1409
26.93882146,1157.94612,94.58514455,59.52663998,1410
26.74542925,1149.633293,94.52848472,59.49098143,1411
27.13042963,1166.182262,94.49789196,59.47172805,1412
27.32660726,1174.614818,94.45958779,59.44762153,1413
27.21672285,1169.891514,94.40606613,59.41393796,1414
26.90475299,1156.481711,94.3416485,59.37339709,1415
25.97011549,1665.780349,94.29520521,59.34416826,1416
26.79239344,1859.356542,94.31348751,59.35567412,1417
29.09281659,2019.002856,94.39973636,59.40995436,1418
32.15012789,1525.401126,94.5038919,59.47550408,1419
35.97696969,1546.444507,94.71357857,59.60746923,1420
39.44067946,1695.329613,94.92444459,59.74017659,1421
41.38982991,1779.112462,95.03840774,59.81189868,1422
41.55054146,1786.020534,95.03661336,59.81076939,1423
39.7857602,1710.162664,94.95163331,59.75728767,1424
36.87590685,1585.084683,94.84577723,59.69066773,1425
34.79607498,1495.684586,94.75552886,59.63387041,1426
34.35147545,1476.573791,94.70222782,59.60032569,1427
35.21526295,1513.703084,94.71736304,59.60985096,1428
37.59941559,1616.184193,94.83709681,59.68520475,1429
40.57123238,1743.925628,95.01507945,59.79721714,1430
42.30210283,1818.325866,95.11758808,59.86173039,1431
42.46577742,1825.361302,95.11523397,59.86024884,1432
41.22195653,1771.896544,95.03580184,59.81025867,1433
38.44621005,1652.583052,94.92935254,59.74326539,1434
33.93820945,1458.809845,94.82381053,59.6768431,1435
28.55492754,1227.413293,94.71917988,59.61099438,1436
22.79367778,1443.185215,94.62011295,59.54864715,1437
19.37725456,1344.755746,94.53147221,59.49286159,1438
18.96427933,1316.095814,94.47426113,59.45685611,1439
20.04038936,1390.776422,94.46290261,59.44970769,1440
21.37196578,1483.186058,94.46845963,59.45320497,1441
21.99871202,1526.681415,94.45200385,59.44284862,1442
21.76584555,1510.520791,94.40371375,59.41245751,1443
20.52575517,1424.460164,94.32049173,59.36008219,1444
18.85968412,1308.837045,94.23409056,59.30570609,1445
18.08060572,1254.770038,94.16775628,59.26395898,1446
18.02986549,1251.248734,94.11305227,59.22953131,1447
18.32134262,1271.47686,94.07154967,59.20341187,1448
18.22113985,1264.52292,94.01825211,59.16986934,1449
16.498349,1144.963522,93.93273671,59.1160507,1450
12.40185174,855.9134968,93.835498,59.05485405,1451
7.167590304,750.0011432,93.76350501,59.00954566,1452
2.825154092,699.680044,93.687804,58.96190365,1453
0.543636898,226.3187507,93.59420019,58.90299461,1454
0.000193558,0.523262019,93.49630828,58.84138687,1455
4.86442E-06,8.92845E-06,93.3986428,58.77992164,1456
1.46456E-06,8.90492E-11,93.30117816,58.71858281,1457
6.45721E-07,0,93.20391376,58.65736999,1458
3.38677E-07,0,93.10684901,58.59628283,1459
1.96329E-07,0,93.00998332,58.53532094,1460
1.21446E-07,0,92.91331611,58.47448396,1461
7.86054E-08,0,92.81684678,58.41377151,1462
5.25937E-08,0,92.72057475,58.35318324,1463
3.60871E-08,0,92.62449945,58.29271878,1464
2.52518E-08,0,92.52862029,58.23237776,1465
1.79477E-08,0,92.43293671,58.17215983,1466
1.29182E-08,0,92.33744812,58.11206461,1467
9.39462E-09,0,92.24215396,58.05209176,1468
6.89074E-09,0,92.14705366,57.9922409,1469
5.09036E-09,0,92.05214664,57.9325117,1470
3.78299E-09,0,91.95743236,57.87290378,1471
2.82568E-09,0,91.86291023,57.8134168,1472
2.11974E-09,0,91.76857971,57.75405041,1473
1.59603E-09,0,91.67444023,57.69480425,1474
1.20551E-09,0,91.58049124,57.63567797,1475
9.13018E-10,0,91.48673219,57.57667122,1476
6.93112E-10,0,91.39316252,57.51778367,1477
5.27237E-10,0,91.29978168,57.45901495,1478
3.73471E-10,0,91.20658913,57.40036473,1479
2.15567E-19,0,91.11358433,57.34183267,1480
0.528456005,584.8456138,91.06518427,57.31137236,1481
2.882928007,758.6403795,91.03552964,57.29270938,1482
5.132813586,754.6979605,90.99584955,57.26773693,1483
6.941984938,840.7309595,90.95509619,57.24208904,1484
8.556211668,1036.074127,90.92600203,57.22377878,1485
9.878727257,1196.217919,90.90228313,57.20885142,1486
11.41967182,878.8585027,90.86580951,57.18589696,1487
12.58164581,873.1495194,90.83001939,57.16337264,1488
14.09162084,977.9397823,90.8131717,57.15276964,1489
16.08163456,1116.044093,90.8207368,57.15753069,1490
18.62370695,1292.460543,90.86194299,57.18346358,1491
21.74368975,1508.983208,90.94422281,57.23524593,1492
25.19904536,1748.7803,91.06531848,57.31145683,1493
28.86503124,2003.194855,91.22340641,57.41094859,1494
32.55387132,2259.19546,91.41646148,57.53244674,1495
35.84336345,1705.37624,91.56199861,57.62403973,1496
39.06925688,1679.364277,91.74577022,57.73969538,1497
42.07964533,1808.763688,91.94189694,57.86312665,1498
44.67000929,1920.108644,92.12470003,57.97817277,1499
46.66728124,1462.502331,92.24241045,58.05225317,1500
48.45085757,1404.158841,92.37408745,58.13512337,1501
50.01616356,1449.52312,92.49771921,58.21293034,1502
51.11561754,1481.386499,92.58419276,58.26735199,1503
51.89954675,1504.105625,92.64378374,58.30485524,1504
52.58773799,1524.050159,92.69661129,58.33810197,1505
53.18913051,1541.479172,92.74150265,58.3663541,1506
53.81964701,1559.75223,92.79147483,58.39780382,1507
54.36538593,1575.568341,92.83409576,58.42462707,1508
54.8455803,1589.484899,92.87103035,58.44787165,1509
55.36104351,1604.423586,92.9126975,58.47409464,1510
55.98334046,1622.458432,92.96702593,58.50828594,1511
56.75187859,1644.731508,93.03733553,58.5525349,1512
57.80051863,1675.122243,93.1377,58.61569872,1513
59.26400963,1717.535813,93.28346165,58.70743302,1514
61.14843275,1772.148456,93.47898967,58.8304875,1515
63.40190658,1837.456592,93.72554742,58.98565726,1516
65.85183256,1908.458126,94.00816772,59.16352279,1517
68.19371722,1976.328505,94.29405307,59.34344316,1518
69.88155176,1610.326146,94.49399511,59.46927558,1519
71.29377865,1561.210436,94.69207244,59.59393446,1520
72.42535735,1585.990053,94.85964024,59.69939234,1521
73.21506506,1603.283286,94.98235049,59.77661935,1522
73.79689686,1616.024396,95.08035147,59.83829573,1523
74.1412425,1623.56497,95.1460385,59.8796355,1524
74.27333086,1626.457476,95.18553147,59.90449019,1525
74.04704866,1621.502287,95.18170722,59.90208341,1526
73.36165549,1606.493362,95.12625052,59.86718204,1527
71.86676553,1573.757858,95.01704431,59.79845372,1528
69.81707024,1528.873077,94.9065441,59.72891102,1529
67.44557992,1476.94154,94.79671571,59.65979113,1530
65.0976516,1425.525971,94.68745827,59.59103056,1531
63.06945774,1381.112034,94.57874479,59.52261233,1532
61.5070577,1346.898175,94.47051944,59.4545013,1533
60.41892998,1323.070061,94.3790229,59.39691846,1534
59.89521898,1311.601696,94.32126032,59.3605659,1535
59.2806636,2289.841033,94.36774618,59.38982151,1536
60.23299933,2589.072725,94.52297631,59.48751474,1537
61.76500101,2654.92473,94.71400809,59.60773954,1538
63.98063312,2750.162104,94.9879765,59.78016005,1539
66.6927988,2866.742621,95.33502883,59.99857552,1540
69.78183014,2999.52244,95.74194709,60.2546673,1541
73.12605218,3143.271451,96.20067829,60.54336725,1542
76.586139,3292.000827,96.70129802,60.85842952,1543
80.09940011,3443.015863,97.24305449,61.19938097,1544
83.41063587,3585.346981,97.78872979,61.54279872,1545
86.05614449,2726.150611,98.13777464,61.76246817,1546
88.15245512,2554.754557,98.41890201,61.93939413,1547
89.6085799,2596.954646,98.63474567,62.07523415,1548
90.42936019,2091.480464,98.7106732,62.12301873,1549
90.92627076,1991.128056,98.75324365,62.1498102,1550
91.33821653,2000.148955,98.79035182,62.17316403,1551
91.80937176,2010.46644,98.83922835,62.2039242,1552
92.36052737,2022.535794,98.90112824,62.24288055,1553
93.0492819,2037.618327,98.98417753,62.29514717,1554
93.78974861,2053.833268,99.0764791,62.35323665,1555
94.56314749,2070.769365,99.17606797,62.41591236,1556
95.30846772,2087.090589,99.27130614,62.47584998,1557
96.14059798,2105.312803,99.38217553,62.54562502,1558
97.11055055,2126.553086,99.5179218,62.63105619,1559
98.25181609,2151.544827,99.68403641,62.73559951,1560
99.56867039,2180.381659,99.87928028,62.85847516,1561
101.1191063,2214.333523,100.1168918,63.00801469,1562
102.7545525,2250.146966,100.3778009,63.17221639,1563
104.3878896,2285.914224,100.6459078,63.34094798,1564
106.0120107,2321.479666,100.9200191,63.5134584,1565
107.6604456,2357.577539,101.2082648,63.69486427,1566
109.3701195,2395.01644,101.5201882,63.89117152,1567
111.0846393,2432.56146,101.8434577,64.09461941,1568
112.8268553,2470.712976,102.1834489,64.30859098,1569
114.5683942,2508.849665,102.5346545,64.52962029,1570
116.1515238,2543.517465,102.85805,64.7331475,1571
117.6160618,2575.588314,103.1617991,64.92431033,1572
118.973961,2605.323959,103.4477694,65.10428412,1573
120.228177,2632.789119,103.7159453,65.27305916,1574
121.3796706,2658.004836,103.9675154,65.43138339,1575
122.3656033,2679.595057,104.1913494,65.57225212,1576
123.0853992,2695.357343,104.3667417,65.68263432,1577
123.5886682,2706.378063,104.5001127,65.76657059,1578
123.8558357,2712.228569,104.5840309,65.81938408,1579
123.8545184,2712.199722,104.6113162,65.8365559,1580
123.6432655,2707.573649,104.5974169,65.82780848,1581
123.2968311,2699.987336,104.554477,65.80078446,1582
122.8839319,2690.945559,104.4971535,65.76470827,1583
122.3846991,2680.013223,104.4198907,65.71608333,1584
121.8816816,2668.99801,104.3415565,65.66678414,1585
121.2327854,2654.788306,104.2330014,65.59846558,1586
120.4756042,2638.207348,104.1046416,65.51768303,1587
119.6189775,2619.448704,103.9619751,65.42789664,1588
118.6630992,2598.516623,103.8048723,65.32902489,1589
117.640129,2576.115345,103.6382008,65.2241311,1590
116.6481257,2554.392187,103.4732678,65.12033144,1591
115.7937371,2535.682556,103.3251257,65.02709903,1592
115.1177549,2520.879715,103.203151,64.95033486,1593
114.5910753,2509.346342,103.1050502,64.88859567,1594
114.2031014,2500.850386,103.0331498,64.84334557,1595
113.8917943,2494.033298,102.9744851,64.80642527,1596
113.7065616,2489.977021,102.9401903,64.78484203,1597
113.4681557,2484.756345,102.8965773,64.75739441,1598
113.0900262,2476.475963,102.8255763,64.71271036,1599
112.5929891,2465.591709,102.7337341,64.65490994,1600
111.8639295,2449.626567,102.6024568,64.57229129,1601
111.0118261,2430.966976,102.4498449,64.47624587,1602
110.0587611,2410.096501,102.2839718,64.37185452,1603
109.0376264,2387.735418,102.1094842,64.2620417,1604
108.0766492,2366.691679,101.9413664,64.1562377,1605
107.2872288,2349.404738,101.8075476,64.07201959,1606
106.7187617,2336.956291,101.7162243,64.01454577,1607
106.3395863,2328.653006,101.6556533,63.97642577,1608
106.1615393,2324.754085,101.6306694,63.96070223,1609
106.0650564,2322.641275,101.6189208,63.95330837,1610
106.090652,2323.201775,101.6273587,63.95861871,1611
106.1881964,2325.33783,101.6475086,63.97129992,1612
106.377018,2329.472695,101.6849351,63.99485405,1613
106.5728307,2333.760654,101.7231919,64.01893077,1614
106.9166158,2341.288954,101.7873233,64.05929154,1615
107.4025357,2351.92976,101.8759137,64.11504538,1616
108.0555212,2366.229013,101.9947459,64.18983178,1617
108.8488785,2383.602164,102.1414279,64.28214533,1618
109.8385164,2405.273523,102.3276801,64.39936211,1619
111.0011767,2430.733772,102.5503688,64.53951004,1620
112.269698,2458.512195,102.7996226,64.69637649,1621
113.538656,2486.30018,103.0563253,64.85793093,1622
114.6414042,2510.448457,103.2833704,65.00082054,1623
115.5871642,2531.158967,103.4838263,65.12697633,1624
116.3235611,2547.284784,103.6471656,65.22977306,1625
116.7821912,2557.327991,103.7605053,65.30110276,1626
116.8661657,2559.166887,103.8040662,65.32851758,1627
116.6279999,2553.951468,103.7875428,65.31811868,1628
115.9852909,2539.877252,103.696012,65.26051422,1629
114.8051184,2514.033517,103.5191345,65.14919735,1630
113.1709502,2478.248058,103.281782,64.99982087,1631
111.2214781,2435.557992,102.9844969,64.81272613,1632
109.2943835,2393.357953,102.6887474,64.62659779,1633
107.6352468,2357.025729,102.4358808,64.46745764,1634
106.4334647,2330.70878,102.2475126,64.34890911,1635
105.7153988,2314.984379,102.1222314,64.27006409,1636
105.4962072,2310.184462,102.0788916,64.2427884,1637
105.4864507,2309.970811,102.0716526,64.23823262,1638
105.5119207,2310.52856,102.0707988,64.23769528,1639
105.39786,2308.03083,102.0482404,64.22349826,1640
105.0958287,2301.416865,101.9930285,64.18875095,1641
104.6695095,2292.081213,101.9150232,64.13965878,1642
104.1980345,2281.756726,101.8279867,64.08488279,1643
103.8497976,2274.130939,101.7611559,64.04282322,1644
103.7418585,2271.76726,101.7340328,64.02575342,1645
103.9787418,2276.954595,101.7631817,64.04409812,1646
104.5672635,2289.842202,101.8531643,64.10072819,1647
105.4106091,2308.310011,101.9905442,64.18718745,1648
106.4882579,2331.908657,102.1747743,64.30313167,1649
107.7068227,2358.593118,102.3879452,64.43728962,1650
109.0828119,2388.7249,102.637033,64.59405163,1651
110.5280483,2420.373079,102.9091809,64.76532643,1652
111.9683908,2451.914087,103.1881788,64.94091224,1653
113.3327632,2481.791483,103.4581279,65.11080323,1654
114.5235631,2507.867941,103.6955395,65.26021691,1655
115.5924801,2531.275376,103.9123642,65.39667435,1656
116.5215274,2551.619905,104.1060542,65.51857206,1657
117.3111903,2568.912156,104.2754683,65.6251919,1658
118.0873649,2585.909037,104.4447112,65.73170397,1659
118.8697751,2603.042467,104.617806,65.84064022,1660
119.6577603,2620.297979,104.7948261,65.95204687,1661
120.4495418,2637.636625,104.9753951,66.06568693,1662
121.2437376,2655.028139,105.1517823,66.17669526,1663
122.0077143,2671.757908,105.3086039,66.27539012,1664
122.7385781,2687.762561,105.4458138,66.36174238,1665
123.496169,2704.352492,105.576758,66.44415141,1666
124.1658678,2719.017737,105.6819759,66.51036973,1667
124.7612472,2732.055516,105.7653038,66.56281168,1668
125.2856532,2743.539101,105.8297142,66.60334797,1669
125.6804637,2752.184767,105.8642189,66.6250633,1670
126.0290315,2759.817799,105.8876549,66.63981265,1671
126.3162412,2766.107195,105.897214,66.64582863,1672
126.5674777,2771.60884,105.8996674,66.64737264,1673
126.7250209,2775.058762,105.8824176,66.63651656,1674
126.8116085,2776.954882,105.8518499,66.61727895,1675
126.8939932,2778.758964,105.8244444,66.60003149,1676
126.9492661,2779.969344,105.7957975,66.58200267,1677
126.9421669,2779.813885,105.7584345,66.55848852,1678
126.9122425,2779.158592,105.7159176,66.53173075,1679
126.7890253,2776.460348,105.6433699,66.4860732,1680
126.5374171,2770.950564,105.5541619,66.42993066,1681
126.2154653,2763.900378,105.4606262,66.3710645,1682
125.8919402,2756.815736,105.3760899,66.31786205,1683
125.6394822,2751.287342,105.312491,66.27783639,1684
125.5568976,2749.478882,105.2859034,66.26110366,1685
125.6249875,2750.969934,105.2918757,66.26486231,1686
125.8975208,2756.937942,105.3402058,66.29527854,1687
126.3163921,2766.1105,105.4176398,66.34401123,1688
126.7462297,2775.523199,105.491205,66.39030911,1689
127.1678492,2784.755936,105.5568687,66.43163416,1690
127.5185742,2792.436207,105.6021842,66.46015321,1691
127.7319802,2797.10943,105.6126516,66.46674082,1692
127.8933753,2800.643704,105.6123656,66.46656083,1693
127.9894028,2802.74654,105.5999915,66.45877329,1694
128.078752,2804.703132,105.5882424,66.45137901,1695
128.1708965,2806.720937,105.5789988,66.44556162,1696
128.2654821,2808.7922,105.5719115,66.44110126,1697
128.3617756,2810.90086,105.5665886,66.43775133,1698
128.4592398,2813.035158,105.56272,66.43531663,1699
128.5575005,2815.186896,105.560063,66.43364449,1700
128.6242219,2816.64798,105.5523395,66.42878374,1701
128.5929184,2815.962488,105.5262673,66.41237537,1702
128.4551023,2812.944554,105.4819242,66.38446828,1703
128.2443929,2808.330381,105.4287793,66.35102184,1704
128.0286505,2803.605996,105.3799115,66.32026716,1705
127.7851501,2798.273759,105.3308811,66.2894101,1706
127.5110568,2792.271589,105.2802199,66.25752678,1707
127.2974293,2787.593517,105.2453893,66.23560632,1708
127.0953477,2783.168279,105.2156749,66.21690572,1709
126.9265425,2779.471738,105.1937131,66.20308421,1710
126.8243468,2777.233828,105.1850572,66.19763663,1711
126.7306819,2775.182729,105.1785715,66.19355493,1712
126.6997295,2774.504924,105.1845532,66.19731943,1713
126.7998682,2776.697789,105.2169094,66.21768264,1714
126.9477447,2779.936028,105.2554683,66.24194948,1715
127.1901324,2785.2439,105.310079,66.27631841,1716
127.503511,2792.10635,105.376404,66.31805974,1717
127.853168,2799.763233,105.4446284,66.36099637,1718
128.2642253,2808.764676,105.5204899,66.40873936,1719
128.7117802,2818.565354,105.596991,66.45688492,1720
129.2213278,2829.723565,105.6798645,66.50904092,1721
129.7677807,2841.68994,105.7637227,66.56181658,1722
130.3444264,2854.317483,105.8480701,66.61490016,1723
130.8277661,2864.901787,105.9061491,66.65145188,1724
131.1684757,2872.362737,105.9303247,66.66666667,1725
131.3345699,2875.999912,105.9146327,66.65679096,1726
131.3544561,2876.435387,105.8716104,66.62971512,1727
131.109173,2871.06411,105.7824087,66.57357652,1728
130.4590051,2856.826559,105.6227826,66.4731167,1729
129.360345,2832.767803,105.4074602,66.33760478,1730
127.7236284,2796.92654,105.1302535,66.16314627,1731
125.4675785,2747.52295,104.7952643,65.95232261,1732
122.9290973,2691.934601,104.466175,65.74521207,1733
120.3161106,2634.714712,104.1432946,65.54200909,1734
117.7227208,2577.923962,103.8264808,65.34262409,1735
115.2432347,2523.627505,103.5155498,65.14694134,1736
112.8736983,2471.738757,103.2103133,64.95484245,1737
110.5596993,2421.066182,102.9105974,64.76621788,1738
108.1982193,2369.353853,102.6162636,64.58098056,1739
105.8415646,2317.747192,102.3271968,64.39905792,1740
103.536788,2267.276571,102.0432516,64.22035861,1741
101.3365258,2219.094635,101.7642882,64.04479454,1742
99.39096509,2176.49022,101.4901292,63.87225405,1743
97.77955276,2141.203077,101.2453252,63.71818801,1744
96.45418217,2112.179754,101.028597,63.58179134,1745
95.2328231,2085.434103,100.8187027,63.44969549,1746
94.17981517,2062.375051,100.6245727,63.32752082,1747
93.19823265,2040.880091,100.437474,63.20977132,1748
92.2154017,2019.357793,100.2513822,63.09265547,1749
91.29345697,1999.168798,100.0720084,62.97976756,1750
90.49569061,1981.699095,99.9086378,62.87695115,1751
89.77907434,1966.006438,99.75718096,62.78163262,1752
89.22339062,1953.837926,99.62731491,62.69990214,1753
88.74693026,1943.404268,99.5104683,62.62636537,1754
88.27218593,1933.008189,99.39605049,62.55435715,1755
87.79009906,1922.45132,99.28263852,62.48298195,1756
87.30236219,1911.770726,99.1704334,62.41236628,1757
86.81072011,1901.004615,99.05964298,62.34264093,1758
86.31641629,1890.180216,98.95040221,62.27389086,1759
85.78830964,1878.615594,98.83929664,62.20396718,1760
85.22456635,1866.270591,98.72553627,62.13237272,1761
84.68593045,1854.475397,98.61685731,62.06397621,1762
84.09058165,1841.438288,98.50344696,61.99260203,1763
83.48616282,1828.202561,98.39060413,61.92158502,1764
82.8824958,1814.983297,98.27951694,61.85167291,1765
82.27988784,1801.787225,98.17017861,61.78286143,1766
81.6470362,1787.928869,98.05906541,61.71293295,1767
80.88535947,1771.249466,97.93424767,61.63437959,1768
79.81332936,1747.773861,97.77846632,61.53633946,1769
78.26616491,1713.893635,97.59809302,61.42282252,1770
76.22457898,1669.186435,97.42237099,61.31223282,1771
73.63799242,1612.544663,97.25169954,61.20482169,1772
70.60552876,1546.138954,97.08600406,61.10054215,1773
67.38191646,1475.547421,96.92517828,60.99932733,1774
64.16492587,1405.100891,96.76906206,60.90107644,1775
61.05590568,1337.018727,96.61748245,60.80568065,1776
58.20409318,1274.568966,96.4702474,60.71301909,1777
55.65736918,1218.800115,96.32715696,60.62296591,1778
53.25964553,1166.294115,96.18802763,60.53540562,1779
50.66101648,1392.223826,96.05273211,60.45025813,1780
47.96841144,1390.177024,95.92117313,60.36746222,1781
44.89661034,1301.152869,95.79326109,60.28696148,1782
41.46137982,1201.596131,95.66893742,60.20871906,1783
37.92294889,1099.048533,95.54812257,60.1326849,1784
34.3650182,1370.915117,95.43070333,60.05878775,1785
31.45835357,1352.215,95.31653034,59.9869336,1786
29.08320103,1250.120754,95.20540263,59.91699599,1787
27.0402947,1162.307876,95.09716326,59.84887614,1788
24.60789241,1562.945096,95.0097988,59.7938938,1789
22.83582753,1584.77612,94.9185689,59.73647876,1790
21.03027551,1459.473206,94.83199136,59.68199167,1791
18.98694571,1317.668831,94.73205754,59.61909887,1792
16.52871638,1147.070978,94.62944118,59.55451782,1793
13.61458675,944.8342498,94.52739898,59.49029813,1794
10.37122341,751.9461161,94.44446752,59.43810567,1795
6.903760044,750.000014,94.37311057,59.39319757,1796
2.500869337,684.0038117,94.29540629,59.34429481,1797
0.000205115,197.2474431,94.19974529,59.28409108,1798
4.8884E-06,0.270768764,94.10062793,59.22171212,1799
1.46893E-06,4.62014E-06,94.00171572,59.15946226,1800
