times,dyno velocities,alternator currents,battery currents
0,0,0,-87.97758861
1,0,0,-213.0938513
2,0,0,-21.42638506
3,0,0,-21.42638506
4,0,0,-21.42638506
5,0,0,-21.42638506
6,0,0,-21.42638506
7,0,0,-21.42638506
8,0,0,-21.42638506
9,0,0,-21.42638506
10,0,0,-21.42638506
11,0,0,-21.42638506
12,0,0,-21.42638506
13,0.514929184,0,-21.42638506
14,2.911253966,0,-21.42638506
15,7.096452981,0,-21.42638506
16,11.52783769,0,-21.42638506
17,15.17823685,0,-21.42638506
18,18.87203565,0,-21.42638506
19,23.54810646,0,-21.42638506
20,26.78298856,0,-21.42638506
21,28.10248358,0,-21.42638506
22,28.50990533,0,-21.42638506
23,28.74537142,0,-21.42638506
24,29.11108404,0,-21.42638506
25,29.89193074,0,-21.42638506
26,31.39568219,0,-21.42638506
27,32.9818791,0,-21.42638506
28,35.35856377,0,-21.42638506
29,37.92229816,0,-21.42638506
30,40.34169978,0,-21.42638506
31,41.97148632,0,-21.42638506
32,42.96529575,0,-21.42638506
33,43.74759363,0,-21.42638506
34,44.32054009,0,-21.42638506
35,44.67497408,0,-21.42638506
36,44.62857592,0,-21.42638506
37,43.78175255,-56.76759025,35.33251709
38,41.49659884,-101.3706969,79.92879735
39,38.54311554,-101.3706969,79.92879735
40,35.48610937,-101.3706969,79.92879735
41,33.15438265,-101.3706969,79.92879735
42,30.38576789,-101.3706969,79.92879735
43,26.79707438,-101.3706969,79.92879735
44,22.83226008,-101.3706969,79.92879735
45,20.84353902,-44.60310662,23.1698952
46,20.12274653,0,-21.42638506
47,19.58038068,0,-21.42638506
48,18.68681738,0,-21.42638506
49,17.86276817,0,-21.42638506
50,17.56209772,0,-21.42638506
51,17.45905508,0,-21.42638506
52,16.47470852,-56.76759025,35.33251709
53,14.30991918,-101.3706969,79.92879735
54,12.4229433,-44.60310662,23.1698952
55,11.89058585,0,-21.42638506
56,11.83224493,0,-21.42638506
57,11.87751976,0,-21.42638506
58,12.02548493,0,-21.42638506
59,12.3648125,0,-21.42638506
60,13.39681867,0,-21.42638506
61,15.02673195,0,-21.42638506
62,15.69235094,0,-21.42638506
63,16.16249156,0,-21.42638506
64,16.68839696,0,-21.42638506
65,17.50593765,0,-21.42638506
66,18.04960303,0,-21.42638506
67,18.3395809,0,-21.42638506
68,19.31620533,0,-21.42638506
69,21.74325839,0,-21.42638506
70,24.91146336,0,-21.42638506
71,28.25247474,0,-21.42638506
72,31.13463078,0,-21.42638506
73,33.5341894,0,-21.42638506
74,35.14423182,0,-21.42638506
75,36.15232422,0,-21.42638506
76,37.05670227,0,-21.42638506
77,38.06930453,0,-21.42638506
78,39.03137151,0,-21.42638506
79,39.56795362,0,-21.42638506
80,39.44936753,0,-21.42638506
81,38.89584727,0,-21.42638506
82,38.0294345,-20.27413937,-1.15534858
83,37.11890794,-83.12397143,61.68486451
84,36.86131602,0,-21.42638506
85,36.34909227,0,-21.42638506
86,35.61479341,0,-21.42638506
87,34.95474731,0,-21.42638506
88,34.37005168,0,-21.42638506
89,33.05706245,-6.082241812,-15.34507412
90,29.51554158,-101.3706969,79.92879735
91,24.50354554,-101.3706969,79.92879735
92,18.91913023,-101.3706969,79.92879735
93,15.07969474,-101.3706969,79.92879735
94,12.73205001,0,-21.42638506
95,10.26895378,0,-21.42638506
96,7.320704833,0,-21.42638506
97,4.583393602,0,-21.42638506
98,2.793656555,0,-21.42638506
99,0.997027522,0,-21.42638506
100,0.000194439,0,-21.42638506
101,4.86634E-06,0,-21.42638506
102,1.46491E-06,0,-21.42638506
103,6.45837E-07,0,-21.42638506
104,3.38727E-07,0,-21.42638506
105,1.96354E-07,0,-21.42638506
106,1.2146E-07,0,-21.42638506
107,7.86136E-08,0,-21.42638506
108,5.25988E-08,0,-21.42638506
109,3.60904E-08,0,-21.42638506
110,2.52539E-08,0,-21.42638506
111,1.79492E-08,0,-21.42638506
112,1.29192E-08,0,-21.42638506
113,9.39534E-09,0,-21.42638506
114,6.89125E-09,0,-21.42638506
115,5.09073E-09,0,-21.42638506
116,3.78325E-09,0,-21.42638506
117,2.82587E-09,0,-21.42638506
118,2.11988E-09,0,-21.42638506
119,1.59614E-09,0,-21.42638506
120,1.20559E-09,0,-21.42638506
121,9.13073E-10,0,-21.42638506
122,6.93152E-10,0,-21.42638506
123,5.27266E-10,0,-21.42638506
124,3.73491E-10,0,-21.42638506
125,1.52611E-20,0,-21.42638506
126,1.52611E-20,0,-21.42638506
127,1.52611E-20,0,-21.42638506
128,1.52611E-20,0,-21.42638506
129,1.52611E-20,0,-21.42638506
130,1.52611E-20,0,-21.42638506
131,1.52611E-20,0,-21.42638506
132,1.52611E-20,0,-21.42638506
133,1.52611E-20,0,-21.42638506
134,1.52611E-20,0,-21.42638506
135,1.52611E-20,0,-21.42638506
136,1.52611E-20,0,-21.42638506
137,1.47184E-20,0,-21.42638506
138,0,0,-21.42638506
139,0.442124085,0,-189.135418
140,3.292186315,0,-49.37789055
141,8.148139062,0,-21.42638506
142,13.93715788,0,-21.42638506
143,17.60696423,0,-21.42638506
144,19.43394382,0,-21.42638506
145,20.44973453,0,-21.42638506
146,21.84661664,0,-21.42638506
147,24.15130384,0,-21.42638506
148,26.65018872,0,-21.42638506
149,28.59267184,0,-21.42638506
150,29.66818562,0,-21.42638506
151,29.78007734,0,-21.42638506
152,28.44258,-30.41120906,8.980169661
153,24.9218912,-101.3706969,79.92879735
154,19.87990136,-101.3706969,79.92879735
155,15.17464593,-101.3706969,79.92879735
156,12.41339472,-70.95948781,49.52224263
157,12.00089357,0,-21.42638506
158,12.98622753,0,-21.42638506
159,15.29402115,0,-21.42638506
160,18.55866653,0,-21.42638506
161,21.8625365,0,-21.42638506
162,24.68881582,0,-21.42638506
163,26.76908621,0,-21.42638506
164,28.66310508,0,-21.42638506
165,30.34028733,0,-21.42638506
166,31.78884569,0,-21.42638506
167,32.8346522,0,-21.42638506
168,34.27130442,0,-21.42638506
169,36.28593611,0,-21.42638506
170,37.82180785,0,-21.42638506
171,38.02920362,0,-21.42638506
172,36.50662563,-30.41120906,8.980169661
173,33.15700281,-101.3706969,79.92879735
174,29.06362938,-101.3706969,79.92879735
175,26.17785345,-101.3706969,79.92879735
176,24.62169227,-70.95948781,49.52224263
177,25.11418006,0,-21.42638506
178,26.53595461,0,-21.42638506
179,28.3331044,0,-21.42638506
180,29.35642274,0,-21.42638506
181,29.65320764,0,-21.42638506
182,29.47865274,0,-21.42638506
183,28.91701876,0,-21.42638506
184,27.30674925,-30.41120906,8.980169661
185,24.38773122,-101.3706969,79.92879735
186,21.88844972,-101.3706969,79.92879735
187,19.62728369,-70.95948781,49.52224263
188,17.75022973,-30.41120906,8.980169661
189,16.11647164,-70.95948781,49.52224263
190,14.96928129,0,-21.42638506
191,13.95099341,0,-21.42638506
192,13.16882487,0,-21.42638506
193,12.54665203,0,-21.42638506
194,12.20539401,0,-21.42638506
195,11.96878456,0,-21.42638506
196,11.86543573,0,-21.42638506
197,11.89475569,0,-21.42638506
198,11.92819743,0,-21.42638506
199,12.13350543,0,-21.42638506
200,12.67132011,0,-21.42638506
201,13.4153606,0,-21.42638506
202,14.47226499,0,-21.42638506
203,15.72500771,0,-21.42638506
204,17.69306487,0,-21.42638506
205,20.20984777,0,-21.42638506
206,22.66098046,0,-21.42638506
207,25.50806576,0,-21.42638506
208,28.09016654,0,-21.42638506
209,30.67952291,0,-21.42638506
210,33.5926144,0,-21.42638506
211,36.54245062,0,-21.42638506
212,38.62512359,0,-21.42638506
213,40.13038217,0,-21.42638506
214,41.20161206,0,-21.42638506
215,42.2528872,0,-21.42638506
216,43.88763897,0,-21.42638506
217,45.95731548,0,-21.42638506
218,48.11508658,0,-21.42638506
219,49.99717593,0,-21.42638506
220,51.48000708,0,-21.42638506
221,52.5493025,0,-21.42638506
222,53.22083981,0,-21.42638506
223,53.44484854,0,-21.42638506
224,53.62974453,0,-21.42638506
225,53.94841061,0,-21.42638506
226,54.4001359,0,-21.42638506
227,54.9773696,0,-21.42638506
228,55.52476299,0,-21.42638506
229,56.02290823,0,-21.42638506
230,56.41982101,0,-21.42638506
231,56.65145011,0,-21.42638506
232,56.58777085,0,-21.42638506
233,55.93205083,-30.41120906,8.980169661
234,54.16003129,-101.3706969,79.92879735
235,52.10533743,-101.3706969,79.92879735
236,50.16333593,-70.95948781,49.52224263
237,49.24016675,0,-21.42638506
238,48.61488266,0,-21.42638506
239,47.53769715,-30.41120906,8.980169661
240,45.47028995,-101.3706969,79.92879735
241,42.76241067,-101.3706969,79.92879735
242,40.36988789,-101.3706969,79.92879735
243,37.92357321,-101.3706969,79.92879735
244,35.50842151,-101.3706969,79.92879735
245,33.20433907,-101.3706969,79.92879735
246,30.42137961,-101.3706969,79.92879735
247,26.82246265,-101.3706969,79.92879735
248,23.1297047,-101.3706969,79.92879735
249,21.17269017,-70.95948781,49.52224263
250,20.37696649,0,-21.42638506
251,19.75997762,0,-21.42638506
252,18.81371281,0,-21.42638506
253,17.95248892,0,-21.42638506
254,17.6258821,0,-21.42638506
255,17.50349032,0,-21.42638506
256,16.52908253,-30.41120906,8.980169661
257,14.9588572,-72.98690175,51.54934627
258,14.73913337,0,-21.42638506
259,16.32915377,0,-21.42638506
260,19.10810774,0,-21.42638506
261,21.96397696,0,-21.42638506
262,24.58165196,0,-21.42638506
263,27.32129916,0,-21.42638506
264,30.69242757,0,-21.42638506
265,34.08749006,0,-21.42638506
266,37.40860113,0,-21.42638506
267,39.99497726,0,-21.42638506
268,41.9522333,0,-21.42638506
269,43.56638503,0,-21.42638506
270,44.95614322,0,-21.42638506
271,46.12080012,0,-21.42638506
272,46.15100599,0,-21.42638506
273,45.72559229,0,-21.42638506
274,44.77296135,0,-21.42638506
275,42.39193217,-95.28845506,73.8474864
276,39.45521405,-101.3706969,79.92879735
277,36.13359105,-10.13706969,-11.29086682
278,32.51659863,-89.20621324,67.76617546
279,28.01506622,-101.3706969,79.92879735
280,22.69221312,-16.2193115,-5.209555877
281,20.14407049,0,-21.42638506
282,20.83256937,0,-21.42638506
283,24.25714868,0,-21.42638506
284,28.1281119,0,-21.42638506
285,32.00128529,0,-21.42638506
286,35.44540822,0,-21.42638506
287,38.81057077,0,-21.42638506
288,42.26370649,0,-21.42638506
289,45.64264932,0,-21.42638506
290,48.16718308,0,-21.42638506
291,49.64304884,0,-21.42638506
292,49.90172692,0,-21.42638506
293,49.02146164,-58.79500418,37.35962074
294,47.91639055,-44.60310662,23.1698952
295,47.18252456,0,-21.42638506
296,46.74654033,0,-21.42638506
297,46.67101567,0,-21.42638506
298,46.84281577,0,-21.42638506
299,47.13383782,0,-21.42638506
300,47.30280294,0,-21.42638506
301,47.25455292,0,-21.42638506
302,46.95804526,0,-21.42638506
303,46.33606175,0,-21.42638506
304,45.40075611,-36.49345087,15.06148061
305,44.09524514,-101.3706969,79.92879735
306,42.56074158,-101.3706969,79.92879735
307,41.24889406,-70.95948781,49.52224263
308,40.48354191,0,-21.42638506
309,40.05561105,0,-21.42638506
310,39.79625312,0,-21.42638506
311,39.02620888,0,-21.42638506
312,38.52250615,0,-21.42638506
313,37.74012798,0,-21.42638506
314,36.53778502,-16.2193115,-5.209555877
315,35.04354413,-101.3706969,79.92879735
316,33.54980215,-89.20621324,67.76617546
317,32.25624877,-10.13706969,-11.29086682
318,30.7386487,-101.3706969,79.92879735
319,28.88838327,-101.3706969,79.92879735
320,26.93889689,-101.3706969,79.92879735
321,24.94854801,-99.34328293,77.9016937
322,24.57051767,0,-21.42638506
323,24.37928103,0,-21.42638506
324,24.25763164,0,-21.42638506
325,23.84461118,0,-21.42638506
326,23.68855937,0,-21.42638506
327,23.61425702,0,-21.42638506
328,23.35162478,0,-21.42638506
329,21.82682052,-89.20621324,67.76617546
330,18.89714451,-101.3706969,79.92879735
331,17.05948612,-16.2193115,-5.209555877
332,16.66456727,0,-21.42638506
333,16.24445542,0,-21.42638506
334,15.66481452,0,-21.42638506
335,15.25041143,0,-21.42638506
336,14.69959108,0,-21.42638506
337,14.32019736,0,-21.42638506
338,14.28068264,0,-21.42638506
339,14.78257191,0,-21.42638506
340,16.35087379,0,-21.42638506
341,19.30660067,0,-21.42638506
342,22.69374757,0,-21.42638506
343,24.79998333,0,-21.42638506
344,25.38868922,0,-21.42638506
345,25.58274256,0,-21.42638506
346,26.04974335,0,-21.42638506
347,26.61196109,0,-21.42638506
348,26.92282827,0,-21.42638506
349,27.64588939,0,-21.42638506
350,28.09582513,0,-21.42638506
351,28.34763618,0,-21.42638506
352,28.33749178,0,-21.42638506
353,28.19045975,0,-21.42638506
354,28.04478588,0,-21.42638506
355,27.94737836,0,-21.42638506
356,27.99533831,0,-21.42638506
357,28.15365359,0,-21.42638506
358,28.15700231,0,-21.42638506
359,27.60300015,-28.38379512,6.953066013
360,26.03865092,-101.3706969,79.92879735
361,23.58572612,-77.04172962,55.60355357
362,22.12527827,0,-21.42638506
363,21.15525029,0,-21.42638506
364,20.61966549,0,-21.42638506
365,20.46241585,0,-21.42638506
366,20.57168569,0,-21.42638506
367,20.85886224,0,-21.42638506
368,21.53219398,0,-21.42638506
369,22.7094596,0,-21.42638506
370,23.89395122,0,-21.42638506
371,24.44613095,0,-21.42638506
372,24.23254205,0,-21.42638506
373,22.61352136,0,-21.42638506
374,19.46466556,-101.3706969,79.92879735
375,15.96446805,-101.3706969,79.92879735
376,13.04326719,-101.3706969,79.92879735
377,11.05836552,-4.054827875,-17.37217777
378,9.535268487,0,-21.42638506
379,8.426170085,0,-21.42638506
380,7.571700899,0,-21.42638506
381,6.61196732,0,-21.42638506
382,5.453617047,0,-21.42638506
383,4.247574978,0,-21.42638506
384,2.940186268,0,-21.42638506
385,1.536728897,0,-21.42638506
386,0.400029826,0,-21.42638506
387,0.000135569,0,-21.42638506
388,4.69022E-06,0,-21.42638506
389,1.43241E-06,0,-21.42638506
390,6.35038E-07,0,-21.42638506
391,3.34131E-07,0,-21.42638506
392,2.21484E-07,0,-21.42638506
393,0.453418275,0,-185.1423458
394,2.754406043,0,-53.37096277
395,5.944874453,0,-21.42638506
396,10.057263,0,-21.42638506
397,14.55956512,0,-21.42638506
398,18.78968951,0,-21.42638506
399,22.73265175,0,-21.42638506
400,25.22198069,0,-21.42638506
401,25.93135399,0,-21.42638506
402,25.52314288,0,-21.42638506
403,24.28508733,-50.68534843,29.25120614
404,22.55539563,-52.71276237,31.27830979
405,20.94581172,-46.63052056,25.19699885
406,19.44367519,-56.76759025,35.33251709
407,17.83903711,-42.57569268,21.14279155
408,16.085063,-60.82241812,39.38672438
409,14.72883503,0,-21.42638506
410,13.93368941,0,-21.42638506
411,13.78912096,0,-21.42638506
412,13.96336904,0,-21.42638506
413,14.24766214,0,-21.42638506
414,14.62563863,0,-21.42638506
415,15.29598542,0,-21.42638506
416,16.54748952,0,-21.42638506
417,18.03977253,0,-21.42638506
418,19.01721202,-20.27413937,-1.15534858
419,19.02754243,-101.3706969,79.92879735
420,18.30206507,-101.3706969,79.92879735
421,17.1302405,-101.3706969,79.92879735
422,16.34109292,-101.3706969,79.92879735
423,16.17304093,-101.3706969,79.92879735
424,16.64690477,-101.3706969,79.92879735
425,17.97563615,-101.3706969,79.92879735
426,20.76710784,-101.3706969,79.92879735
427,25.03840698,-101.3706969,79.92879735
428,29.64992799,-101.3706969,79.92879735
429,32.83612892,-101.3706969,79.92879735
430,33.91033466,-101.3706969,79.92879735
431,33.60662062,-101.3706969,79.92879735
432,32.69022618,-101.3706969,79.92879735
433,31.79082871,-101.3706969,79.92879735
434,31.26613062,-101.3706969,79.92879735
435,30.91069018,-101.3706969,79.92879735
436,30.0363842,-101.3706969,79.92879735
437,28.05370553,-101.3706969,79.92879735
438,24.54846156,-101.3706969,79.92879735
439,20.28033638,-101.3706969,79.92879735
440,15.23164531,-101.3706969,79.92879735
441,10.04137768,-101.3706969,79.92879735
442,5.569467009,-101.3706969,79.92879735
443,2.395415284,-54.74017631,33.30541344
444,0.627615072,0,-21.42638506
445,0.037516594,0,-21.42638506
446,0.000108827,0,-21.42638506
447,4.55865E-06,0,-21.42638506
448,1.40763E-06,0,-21.42638506
449,6.26745E-07,0,-21.42638506
450,3.3046E-07,0,-21.42638506
451,1.92195E-07,0,-21.42638506
452,1.19153E-07,0,-21.42638506
453,7.72449E-08,0,-21.42638506
454,5.17452E-08,0,-21.42638506
455,3.55376E-08,0,-21.42638506
456,2.48854E-08,0,-21.42638506
457,1.76976E-08,0,-21.42638506
458,1.27442E-08,0,-21.42638506
459,9.27172E-09,0,-21.42638506
460,6.80281E-09,0,-21.42638506
461,5.02677E-09,0,-21.42638506
462,3.73658E-09,0,-21.42638506
463,2.79156E-09,0,-21.42638506
464,2.09449E-09,0,-21.42638506
465,1.57724E-09,0,-21.42638506
466,1.19146E-09,0,-21.42638506
467,9.02471E-10,0,-21.42638506
468,6.85165E-10,0,-21.42638506
469,5.21232E-10,0,-21.42638506
470,3.55026E-10,0,-21.42638506
471,-2.34959E-20,0,-21.42638506
472,-2.34959E-20,0,-21.42638506
473,-2.34959E-20,0,-21.42638506
474,-2.34959E-20,0,-21.42638506
475,-2.34959E-20,0,-21.42638506
476,-2.34959E-20,0,-21.42638506
477,-2.34959E-20,0,-21.42638506
478,-2.34959E-20,0,-21.42638506
479,-2.34959E-20,0,-21.42638506
480,-2.34959E-20,0,-21.42638506
481,-2.34959E-20,0,-21.42638506
482,-2.34959E-20,0,-21.42638506
483,-2.34959E-20,0,-21.42638506
484,-2.34959E-20,0,-21.42638506
485,-2.34959E-20,0,-21.42638506
486,-2.34959E-20,0,-21.42638506
487,-2.34959E-20,0,-21.42638506
488,-2.34959E-20,0,-21.42638506
489,-2.34959E-20,0,-21.42638506
490,-2.34959E-20,0,-21.42638506
491,-2.34959E-20,0,-21.42638506
492,-2.34959E-20,0,-21.42638506
493,-2.34959E-20,0,-21.42638506
494,-2.34959E-20,0,-21.42638506
495,-2.34959E-20,0,-21.42638506
496,-2.34959E-20,0,-21.42638506
497,-2.34959E-20,0,-21.42638506
498,-2.34959E-20,0,-21.42638506
499,-2.34959E-20,0,-21.42638506
500,-2.34959E-20,0,-21.42638506
501,-2.34959E-20,0,-21.42638506
502,-2.34959E-20,0,-21.42638506
503,-2.34959E-20,0,-21.42638506
504,-2.34959E-20,0,-21.42638506
505,-2.34959E-20,0,-21.42638506
506,-2.34959E-20,0,-21.42638506
507,-2.34959E-20,0,-21.42638506
508,-2.34959E-20,0,-21.42638506
509,-2.34959E-20,0,-21.42638506
510,-2.34959E-20,0,-21.42638506
511,-2.26604E-20,0,-21.42638506
512,0,0,-21.42638506
513,0.320404868,-75.12138501,-110.1395883
514,2.799262668,-101.393847,47.98420281
515,5.693074589,-101.3706969,79.92879724
516,9.830467397,-101.3706969,79.92879724
517,15.06943006,-101.3706969,79.92879733
518,18.5262629,-101.3706969,79.92879735
519,20.28891858,-101.3706969,79.92879735
520,20.5387705,-101.3706969,79.92879735
521,20.06479952,-101.3706969,79.92879735
522,19.21006063,-101.3706969,79.92879735
523,18.1045813,-101.3706969,79.92879735
524,16.40629193,-101.3706969,79.92879735
525,13.48273563,-101.3706969,79.92879735
526,9.592823592,-101.3706969,79.92879735
527,5.706850863,-101.3706969,79.92879735
528,2.913867724,-75.01431568,53.57644992
529,1.424105773,0,-21.42638506
530,0.439223626,0,-21.42638506
531,0.000185854,0,-21.42638506
532,4.84899E-06,0,-21.42638506
533,2.10629E-06,0,-21.42638506
534,0.053282816,-75.12138501,-110.1395883
535,1.360798062,-101.393847,47.98420281
536,3.583555951,-101.3706969,79.92879724
537,6.127380968,-101.3706969,79.92879724
538,10.39731286,-101.3706969,79.92879724
539,16.12084811,-101.3706969,79.92879724
540,21.15166976,-101.3706969,79.92879724
541,24.13753206,-101.3706969,79.92879724
542,24.86160697,-101.3706969,79.92879724
543,24.67652052,-101.3706969,79.92879724
544,24.15976106,-101.3706969,79.92879724
545,23.10809875,-101.3706969,79.92879724
546,21.3182001,-101.3706969,79.92879724
547,19.32351871,-101.3706969,79.92879724
548,17.79732423,-101.3706969,79.92879724
549,16.63940514,-101.3706969,79.92879724
550,15.73512385,-101.3706969,79.92879724
551,14.91933772,-101.3706969,79.92879724
552,14.3487517,-101.3706969,79.92879724
553,13.88378199,-101.3706969,79.92879724
554,13.37244365,-101.3706969,79.92879724
555,13.05666379,-101.3706969,79.92879724
556,12.95156866,-101.3706969,79.92879724
557,13.06430125,-101.3706969,79.92879724
558,13.43136924,-101.3706969,79.92879724
559,14.07471052,-101.3706969,79.92879724
560,15.3654285,-101.3706969,79.92879724
561,16.87019223,-101.3706969,79.92879724
562,17.19280968,-101.3706969,79.92879724
563,17.14748439,-101.3706969,79.92879724
564,16.42850284,-101.3706969,79.92879724
565,12.93586712,-101.3706969,79.92879724
566,7.54272984,-101.3706969,79.92879724
567,2.511476025,-68.93207387,47.4951389
568,0.000266022,0,-21.42638506
569,4.98109E-06,0,-21.42638506
570,1.4857E-06,0,-21.42638506
571,6.52694E-07,0,-21.42638506
572,3.4168E-07,0,-21.42638506
573,1.97835E-07,0,-21.42638506
574,1.22279E-07,0,-21.42638506
575,7.9099E-08,0,-21.42638506
576,5.29011E-08,0,-21.42638506
577,3.62859E-08,0,-21.42638506
578,2.53843E-08,0,-21.42638506
579,1.80381E-08,0,-21.42638506
580,1.2981E-08,0,-21.42638506
581,9.43897E-09,0,-21.42638506
582,6.92246E-09,0,-21.42638506
583,5.11329E-09,0,-21.42638506
584,3.79971E-09,0,-21.42638506
585,2.83797E-09,0,-21.42638506
586,2.12883E-09,0,-21.42638506
587,1.60279E-09,0,-21.42638506
588,1.21056E-09,0,-21.42638506
589,9.16805E-10,0,-21.42638506
590,6.95963E-10,0,-21.42638506
591,5.29389E-10,0,-21.42638506
592,3.74985E-10,0,-21.42638506
593,-1.52611E-20,0,-21.42638506
594,-1.52611E-20,0,-21.42638506
595,-1.52611E-20,0,-21.42638506
596,-1.52611E-20,0,-21.42638506
597,-1.52611E-20,0,-21.42638506
598,-1.52611E-20,0,-21.42638506
599,-1.52611E-20,0,-21.42638506
600,-1.47184E-20,0,-21.42638506
601,0.013021969,-75.12138501,-110.1395883
602,0.817954719,-101.393847,47.98420281
603,2.734175011,-101.3706969,79.92879724
604,5.607924081,-101.3706969,79.92879724
605,9.629338379,-101.3706969,79.92879724
606,15.9197449,-101.3706969,79.92879724
607,21.54722487,-101.3706969,79.92879724
608,27.2828177,-101.3706969,79.92879724
609,32.27389715,-101.3706969,79.92879724
610,36.15529657,-101.3706969,79.92879724
611,40.29796115,-101.3706969,79.92879724
612,44.40762648,-101.3706969,79.92879724
613,47.06129819,-101.3706969,79.92879724
614,48.54412073,-101.3706969,79.92879724
615,48.86514673,-101.3706969,79.92879724
616,48.66399454,-101.3706969,79.92879724
617,48.45555166,-101.3706969,79.92879724
618,48.14545005,-101.3706969,79.92879724
619,47.56860947,-101.3706969,79.92879724
620,46.6197297,-101.3706969,79.92879724
621,45.49954439,-101.3706969,79.92879724
622,44.60724839,-101.3706969,79.92879724
623,44.18905258,-101.3706969,79.92879724
624,44.17726461,-101.3706969,79.92879724
625,44.54172228,-101.3706969,79.92879724
626,45.20534379,-101.3706969,79.92879724
627,45.79830358,-101.3706969,79.92879724
628,46.06367189,-101.3706969,79.92879724
629,46.07579376,-101.3706969,79.92879724
630,46.08581611,-101.3706969,79.92879724
631,46.3277215,-101.3706969,79.92879724
632,47.05485492,-101.3706969,79.92879724
633,48.17002836,-101.3706969,79.92879724
634,49.5107271,-101.3706969,79.92879724
635,50.94564673,-101.3706969,79.92879724
636,52.19546021,-101.3706969,79.92879724
637,53.01411939,-70.95948781,49.52224255
638,53.31341174,0,-21.42638506
639,53.21440137,0,-21.42638506
640,53.00334082,0,-21.42638506
641,52.77743196,0,-21.42638506
642,52.83771237,0,-21.42638506
643,53.55751386,0,-21.42638506
644,54.36803365,0,-21.42638506
645,54.99666915,0,-21.42638506
646,55.50728842,0,-21.42638506
647,55.97741372,0,-21.42638506
648,56.42851382,0,-21.42638506
649,56.8139082,0,-21.42638506
650,56.97979328,0,-21.42638506
651,56.72483153,0,-21.42638506
652,55.4245009,-2.027413937,-19.39928141
653,53.33773186,-101.3706969,79.92879735
654,51.21776035,0,-21.42638506
655,48.69090611,-101.3706969,79.92879735
656,45.16592935,-101.3706969,79.92879735
657,41.11162453,-101.3706969,79.92879735
658,37.39552701,-6.082241812,-15.34507412
659,34.97887407,-95.28845506,73.8474864
660,32.29615079,-101.3706969,79.92879735
661,28.17060871,-101.3706969,79.92879735
662,22.73586304,-12.16448362,-9.263763173
663,17.47242381,-89.20621324,67.76617546
664,13.81131211,-14.19189756,-7.236659525
665,12.19105447,0,-21.42638506
666,11.72411349,0,-21.42638506
667,12.69401178,0,-21.42638506
668,15.65401124,0,-21.42638506
669,20.58464983,0,-21.42638506
670,25.43812705,0,-21.42638506
671,30.00886688,0,-21.42638506
672,33.17408639,0,-21.42638506
673,35.13952666,0,-21.42638506
674,37.15214864,0,-21.42638506
675,39.15549758,0,-21.42638506
676,40.45545362,0,-21.42638506
677,40.66452527,0,-21.42638506
678,40.0335243,-64.877246,43.44093168
679,37.50767622,-101.3706969,79.92879735
680,33.80077771,-101.3706969,79.92879735
681,29.41120531,-101.3706969,79.92879735
682,24.85032197,-101.3706969,79.92879735
683,21.08689585,-44.60310662,23.1698952
684,19.27000344,-54.74017631,33.30541344
685,18.20336987,-48.6579345,27.22410249
686,19.48716963,0,-21.42638506
687,22.24772478,0,-21.42638506
688,24.75671699,0,-21.42638506
689,27.0685926,0,-21.42638506
690,29.27767376,0,-21.42638506
691,30.65436304,0,-21.42638506
692,31.16934186,0,-21.42638506
693,31.53065907,0,-21.42638506
694,32.28583498,0,-21.42638506
695,33.04227938,0,-21.42638506
696,33.03121458,0,-21.42638506
697,30.50456897,-30.41120906,8.980169661
698,27.10158726,-101.3706969,79.92879735
699,23.966864,-101.3706969,79.92879735
700,21.99352386,-75.01431568,53.57644992
701,21.17609625,0,-21.42638506
702,20.83279414,0,-21.42638506
703,20.78949771,0,-21.42638506
704,20.80640526,0,-21.42638506
705,20.34672843,0,-21.42638506
706,18.85997143,-14.19189756,-7.236659525
707,16.39860103,-101.3706969,79.92879735
708,13.83150826,-91.23362718,69.79327911
709,12.2869469,0,-21.42638506
710,12.20673872,0,-21.42638506
711,14.56255136,0,-21.42638506
712,18.88394414,0,-21.42638506
713,21.7331796,0,-21.42638506
714,21.82130875,0,-21.42638506
715,20.05959233,-99.34328293,77.9016937
716,16.28136895,-101.3706969,79.92879735
717,13.00041593,-6.082241812,-15.34507412
718,11.84924692,0,-21.42638506
719,12.17511671,0,-21.42638506
720,14.06075702,0,-21.42638506
721,17.10673461,0,-21.42638506
722,19.64834059,0,-21.42638506
723,21.74328801,0,-21.42638506
724,23.4626456,0,-21.42638506
725,25.43674747,0,-21.42638506
726,28.3488836,0,-21.42638506
727,32.39233633,0,-21.42638506
728,36.30584311,0,-21.42638506
729,39.04410911,0,-21.42638506
730,41.09121323,0,-21.42638506
731,42.1131319,0,-21.42638506
732,42.28849567,0,-21.42638506
733,42.33498878,0,-21.42638506
734,42.45261915,0,-21.42638506
735,42.63486636,0,-21.42638506
736,42.93148205,0,-21.42638506
737,43.37955982,0,-21.42638506
738,43.89061726,0,-21.42638506
739,44.16024021,0,-21.42638506
740,44.5916206,0,-21.42638506
741,45.72631461,0,-21.42638506
742,46.81817865,0,-21.42638506
743,47.44371378,0,-21.42638506
744,47.54896122,0,-21.42638506
745,47.55992505,0,-21.42638506
746,47.5501815,0,-21.42638506
747,47.71067311,0,-21.42638506
748,48.19131308,0,-21.42638506
749,48.93837637,0,-21.42638506
750,49.63898919,0,-21.42638506
751,49.9325947,0,-21.42638506
752,49.88776681,0,-21.42638506
753,49.6525828,0,-21.42638506
754,49.08046636,0,-21.42638506
755,48.19053656,-22.30155331,0.871755068
756,47.02201662,-101.3706969,79.92879735
757,45.01587377,-101.3706969,79.92879735
758,41.44362149,-101.3706969,79.92879735
759,36.54881893,-101.3706969,79.92879735
760,31.35660848,-101.3706969,79.92879735
761,26.12431356,-101.3706969,79.92879735
762,20.4851319,-101.3706969,79.92879735
763,15.81907933,-101.3706969,79.92879735
764,12.704694,-91.23362718,69.79327911
765,11.80744477,0,-21.42638506
766,13.63405019,0,-21.42638506
767,17.16248304,0,-21.42638506
768,20.69956562,0,-21.42638506
769,24.11499002,0,-21.42638506
770,27.94220147,0,-21.42638506
771,32.79294718,0,-21.42638506
772,37.15500501,0,-21.42638506
773,41.73068042,0,-21.42638506
774,45.89498527,0,-21.42638506
775,49.1701629,0,-21.42638506
776,52.54181583,0,-21.42638506
777,55.15767949,0,-21.42638506
778,57.20131604,0,-21.42638506
779,59.02435505,0,-21.42638506
780,60.34933873,0,-21.42638506
781,61.50317017,0,-21.42638506
782,62.51398879,0,-21.42638506
783,63.2114774,0,-21.42638506
784,63.65323827,0,-21.42638506
785,63.95636721,0,-21.42638506
786,64.39280928,0,-21.42638506
787,64.99877983,0,-21.42638506
788,65.40092029,0,-21.42638506
789,65.47892358,0,-21.42638506
790,65.46886737,0,-21.42638506
791,65.58027536,0,-21.42638506
792,65.85095271,0,-21.42638506
793,65.9487414,0,-21.42638506
794,64.84058607,-60.82241812,39.38672438
795,61.75434601,-101.3706969,79.92879735
796,57.18000375,-101.3706969,79.92879735
797,51.88701613,-101.3706969,79.92879735
798,46.79385648,-101.3706969,79.92879735
799,43.31299477,-101.3706969,79.92879735
800,41.5744882,-50.68534843,29.25120614
801,41.0307886,0,-21.42638506
802,40.75651156,0,-21.42638506
803,42.4782379,0,-21.42638506
804,45.80599132,0,-21.42638506
805,49.47729237,0,-21.42638506
806,51.87596922,0,-21.42638506
807,52.92036338,0,-21.42638506
808,52.99028326,0,-21.42638506
809,52.16162769,-32.438623,11.00727331
810,50.65877746,-101.3706969,79.92879735
811,48.62680932,-101.3706969,79.92879735
812,45.54678604,-101.3706969,79.92879735
813,41.63354555,-101.3706969,79.92879735
814,37.34601548,-101.3706969,79.92879735
815,33.02558268,-101.3706969,79.92879735
816,28.42641131,-101.3706969,79.92879735
817,23.37856312,-101.3706969,79.92879735
818,19.32314676,-101.3706969,79.92879735
819,16.91069428,-85.15138537,63.71196816
820,16.977558,0,-21.42638506
821,19.17236964,0,-21.42638506
822,22.89225604,0,-21.42638506
823,26.31423917,0,-21.42638506
824,29.11361278,0,-21.42638506
825,31.75219426,0,-21.42638506
826,34.10258938,0,-21.42638506
827,36.22555144,0,-21.42638506
828,38.16124389,0,-21.42638506
829,40.24574608,0,-21.42638506
830,42.79150353,0,-21.42638506
831,45.27898929,0,-21.42638506
832,47.09322039,0,-21.42638506
833,48.13108832,0,-21.42638506
834,48.65614091,0,-21.42638506
835,49.14243173,0,-21.42638506
836,49.67308948,0,-21.42638506
837,50.1211339,0,-21.42638506
838,50.60313554,0,-21.42638506
839,51.35334672,0,-21.42638506
840,52.19228297,0,-21.42638506
841,52.94178919,0,-21.42638506
842,53.87961742,0,-21.42638506
843,54.72145781,0,-21.42638506
844,55.62082371,0,-21.42638506
845,56.47741483,0,-21.42638506
846,56.92320932,0,-21.42638506
847,57.16557863,0,-21.42638506
848,57.43561543,0,-21.42638506
849,58.02979995,0,-21.42638506
850,59.12846787,0,-21.42638506
851,60.48841892,0,-21.42638506
852,61.51728552,0,-21.42638506
853,62.17593908,0,-21.42638506
854,62.74918829,0,-21.42638506
855,63.26339356,0,-21.42638506
856,63.56424484,0,-21.42638506
857,63.64203221,0,-21.42638506
858,63.94503661,0,-21.42638506
859,64.95734657,0,-21.42638506
860,66.22110592,0,-21.42638506
861,67.19315527,0,-21.42638506
862,68.07343072,0,-21.42638506
863,69.69135515,0,-21.42638506
864,71.59672497,0,-21.42638506
865,72.7281023,0,-21.42638506
866,73.29274788,0,-21.42638506
867,74.02582727,0,-21.42638506
868,75.24391392,0,-21.42638506
869,76.41539489,0,-21.42638506
870,76.84473768,0,-21.42638506
871,76.65818156,0,-21.42638506
872,76.24820155,0,-21.42638506
873,75.77409617,0,-21.42638506
874,75.25186189,0,-21.42638506
875,74.51849055,0,-21.42638506
876,73.44588444,-8.109655749,-13.31797047
877,72.07599573,-101.3706969,79.92879735
878,70.82389366,-97.31586899,75.87459005
879,70.10116311,0,-21.42638506
880,69.81733,0,-21.42638506
881,69.52580719,0,-21.42638506
882,68.59090485,0,-21.42638506
883,67.86572158,0,-21.42638506
884,67.80397314,0,-21.42638506
885,67.88632417,0,-21.42638506
886,68.08955317,0,-21.42638506
887,68.39455088,0,-21.42638506
888,68.61168398,0,-21.42638506
889,68.64744451,0,-21.42638506
890,68.40248319,0,-21.42638506
891,67.86901697,0,-21.42638506
892,66.90413915,-79.06914356,57.63065722
893,65.5992933,-101.3706969,79.92879735
894,64.25993431,-26.35638119,4.925962364
895,63.09628629,-72.98690175,51.54934627
896,62.22628148,-30.41120906,8.980169661
897,61.82985141,0,-21.42638506
898,61.6920935,0,-21.42638506
899,61.69649826,0,-21.42638506
900,61.59965151,0,-21.42638506
901,61.26172913,0,-21.42638506
902,60.45202198,-58.79500418,37.35962074
903,57.1887311,-101.3706969,79.92879735
904,51.8941518,-101.3706969,79.92879735
905,46.79686954,-101.3706969,79.92879735
906,43.31419834,-101.3706969,79.92879735
907,41.57540338,-50.68534843,29.25120614
908,41.03145732,0,-21.42638506
909,40.7569801,0,-21.42638506
910,42.4785508,0,-21.42638506
911,45.8062101,0,-21.42638506
912,49.47741192,0,-21.42638506
913,51.96542335,0,-21.42638506
914,53.34377042,0,-21.42638506
915,55.36423034,0,-21.42638506
916,57.64233979,0,-21.42638506
917,58.78203873,0,-21.42638506
918,59.39487495,0,-21.42638506
919,59.22858719,0,-21.42638506
920,59.24583658,0,-21.42638506
921,59.76203285,0,-21.42638506
922,60.97139718,0,-21.42638506
923,62.69434832,0,-21.42638506
924,64.3642134,0,-21.42638506
925,65.06601913,0,-21.42638506
926,63.91712441,-14.19189756,-7.236659525
927,62.61859029,-89.20621324,67.76617546
928,61.85445964,0,-21.42638506
929,61.18697798,0,-21.42638506
930,60.70781438,0,-21.42638506
931,60.31476047,0,-21.42638506
932,59.97479888,0,-21.42638506
933,59.58820342,0,-21.42638506
934,59.08108179,0,-21.42638506
935,58.17078656,0,-21.42638506
936,57.05703586,-97.31586899,75.87459005
937,56.25442977,-6.082241812,-15.34507412
938,55.69321342,0,-21.42638506
939,55.18544722,0,-21.42638506
940,54.67072453,0,-21.42638506
941,54.16074777,0,-21.42638506
942,53.87139114,0,-21.42638506
943,53.77431278,0,-21.42638506
944,53.7447476,0,-21.42638506
945,53.79974951,0,-21.42638506
946,53.95267222,0,-21.42638506
947,54.32976474,0,-21.42638506
948,55.11247561,0,-21.42638506
949,55.90354464,0,-21.42638506
950,56.29740928,0,-21.42638506
951,56.02419514,0,-21.42638506
952,54.2410616,-64.877246,43.44093168
953,50.80408925,-101.3706969,79.92879735
954,45.8493441,-101.3706969,79.92879735
955,40.43526988,-101.3706969,79.92879735
956,34.93462173,-101.3706969,79.92879735
957,29.60691893,-101.3706969,79.92879735
958,25.93304975,-101.3706969,79.92879735
959,24.25178915,-46.63052056,25.19699885
960,26.49317047,0,-21.42638506
961,31.07617849,0,-21.42638506
962,36.92495012,0,-21.42638506
963,42.11357206,0,-21.42638506
964,46.66510384,0,-21.42638506
965,49.93458645,0,-21.42638506
966,51.63805858,0,-21.42638506
967,52.36667816,0,-21.42638506
968,52.38916514,0,-21.42638506
969,52.12679028,0,-21.42638506
970,51.52536702,0,-21.42638506
971,50.21350856,-34.46603694,13.03437696
972,47.60718039,-101.3706969,79.92879735
973,43.20942609,-101.3706969,79.92879735
974,37.83552418,-101.3706969,79.92879735
975,31.99671105,-101.3706969,79.92879735
976,26.83835786,-101.3706969,79.92879735
977,21.54689923,-101.3706969,79.92879735
978,17.25784393,-101.3706969,79.92879735
979,14.2650211,-101.3706969,79.92879735
980,11.71233317,-81.09655749,59.65776087
981,9.580725468,0,-21.42638506
982,7.879429892,0,-21.42638506
983,6.240808604,0,-21.42638506
984,4.235479763,0,-21.42638506
985,2.0361245,0,-21.42638506
986,0.46322516,0,-21.42638506
987,0.000177271,0,-21.42638506
988,4.82577E-06,0,-21.42638506
989,1.45749E-06,0,-21.42638506
990,6.43379E-07,0,-21.42638506
991,3.37666E-07,0,-21.42638506
992,1.95822E-07,0,-21.42638506
993,1.21165E-07,0,-21.42638506
994,7.84389E-08,0,-21.42638506
995,5.24899E-08,0,-21.42638506
996,3.60199E-08,0,-21.42638506
997,2.5207E-08,0,-21.42638506
998,1.79171E-08,0,-21.42638506
999,1.28969E-08,0,-21.42638506
1000,9.37961E-09,0,-21.42638506
1001,6.88E-09,0,-21.42638506
1002,5.0826E-09,0,-21.42638506
1003,3.77732E-09,0,-21.42638506
1004,2.82151E-09,0,-21.42638506
1005,2.11666E-09,0,-21.42638506
1006,1.59374E-09,0,-21.42638506
1007,1.20379E-09,0,-21.42638506
1008,9.11728E-10,0,-21.42638506
1009,6.9214E-10,0,-21.42638506
1010,5.26501E-10,0,-21.42638506
1011,3.65793E-10,0,-21.42638506
1012,6.64565E-20,0,-21.42638506
1013,6.64565E-20,0,-21.42638506
1014,6.64565E-20,0,-21.42638506
1015,6.64565E-20,0,-21.42638506
1016,6.64565E-20,0,-21.42638506
1017,6.64565E-20,0,-21.42638506
1018,6.64565E-20,0,-21.42638506
1019,6.64565E-20,0,-21.42638506
1020,6.64565E-20,0,-21.42638506
1021,6.64565E-20,0,-21.42638506
1022,6.64565E-20,0,-21.42638506
1023,6.64565E-20,0,-21.42638506
1024,6.64565E-20,0,-21.42638506
1025,6.64565E-20,0,-21.42638506
1026,6.40932E-20,0,-21.42638506
1027,0,0,-21.42638506
1028,0.794158701,0,-185.1423458
1029,4.874048909,0,-53.37096277
1030,10.73539673,0,-21.42638506
1031,17.05228456,0,-21.42638506
1032,22.0457094,0,-21.42638506
1033,26.25087684,0,-21.42638506
1034,29.99725161,0,-21.42638506
1035,33.20681577,0,-21.42638506
1036,36.22972928,0,-21.42638506
1037,38.7399418,0,-21.42638506
1038,40.75238383,0,-21.42638506
1039,42.66871549,0,-21.42638506
1040,44.88144207,0,-21.42638506
1041,47.28724089,0,-21.42638506
1042,49.32121185,0,-21.42638506
1043,51.12529705,0,-21.42638506
1044,52.38883938,0,-21.42638506
1045,52.93531151,0,-21.42638506
1046,53.06409193,0,-21.42638506
1047,53.14139421,0,-21.42638506
1048,53.29524643,0,-21.42638506
1049,53.32995626,0,-21.42638506
1050,52.89968229,0,-21.42638506
1051,51.65545709,-87.17879931,65.73907181
1052,49.82933408,-101.3706969,79.92879735
1053,47.67005343,-101.3706969,79.92879735
1054,45.12116999,-101.3706969,79.92879735
1055,41.97372363,-101.3706969,79.92879735
1056,38.02668831,-101.3706969,79.92879735
1057,32.66144629,-24.32896725,2.898858716
1058,27.50006095,-75.01431568,53.57644992
1059,22.72579306,-101.3706969,79.92879735
1060,18.43796926,-101.3706969,79.92879735
1061,14.69167252,-101.3706969,79.92879735
1062,12.39015249,-32.438623,11.00727331
1063,11.66939628,0,-21.42638506
1064,12.01762295,0,-21.42638506
1065,13.67233405,0,-21.42638506
1066,17.3658549,0,-21.42638506
1067,21.72262018,0,-21.42638506
1068,24.29676028,0,-21.42638506
1069,25.18189916,0,-21.42638506
1070,25.98604659,0,-21.42638506
1071,27.69058689,0,-21.42638506
1072,29.99232027,0,-21.42638506
1073,33.23530581,0,-21.42638506
1074,37.26415965,0,-21.42638506
1075,41.94067568,0,-21.42638506
1076,46.94727133,0,-21.42638506
1077,51.48659162,0,-21.42638506
1078,55.13887269,0,-21.42638506
1079,57.69892598,0,-21.42638506
1080,60.04457273,0,-21.42638506
1081,62.07389413,0,-21.42638506
1082,63.08732699,0,-21.42638506
1083,63.2101204,0,-21.42638506
1084,62.20295132,-34.46603694,13.03437696
1085,60.43356575,-101.3706969,79.92879735
1086,59.09463896,-70.95948781,49.52224263
1087,58.55176788,0,-21.42638506
1088,58.48793037,0,-21.42638506
1089,58.60670363,0,-21.42638506
1090,58.72532767,0,-21.42638506
1091,58.76823505,0,-21.42638506
1092,58.86174003,0,-21.42638506
1093,59.33435271,0,-21.42638506
1094,60.49377162,0,-21.42638506
1095,62.09098482,0,-21.42638506
1096,63.39329144,0,-21.42638506
1097,64.05563024,0,-21.42638506
1098,64.08739441,0,-21.42638506
1099,63.35305753,-4.054827875,-17.37217777
1100,61.59909645,-101.3706969,79.92879735
1101,59.79082067,-101.3706969,79.92879735
1102,58.70598438,0,-21.42638506
1103,58.04678911,0,-21.42638506
1104,58.81175713,0,-21.42638506
1105,60.64850952,0,-21.42638506
1106,62.40820362,0,-21.42638506
1107,63.83425152,0,-21.42638506
1108,64.49411663,0,-21.42638506
1109,64.25806928,0,-21.42638506
1110,63.02471733,-85.15138537,63.71196816
1111,61.75959705,-18.24672544,-3.182452229
1112,60.83261841,0,-21.42638506
1113,61.33373909,0,-21.42638506
1114,63.28515347,0,-21.42638506
1115,66.15799171,0,-21.42638506
1116,68.28878363,0,-21.42638506
1117,69.52558691,0,-21.42638506
1118,69.74962248,0,-21.42638506
1119,69.0655917,0,-21.42638506
1120,67.75574952,-70.95948781,49.52224263
1121,66.65979889,-32.438623,11.00727331
1122,65.98327711,0,-21.42638506
1123,65.35108565,0,-21.42638506
1124,64.11823841,-62.84983206,41.41382803
1125,61.750676,-101.3706969,79.92879735
1126,57.97979552,-101.3706969,79.92879735
1127,53.01619131,-101.3706969,79.92879735
1128,47.59241194,-101.3706969,79.92879735
1129,42.37527602,-101.3706969,79.92879735
1130,37.88967962,-101.3706969,79.92879735
1131,34.04534391,-101.3706969,79.92879735
1132,30.90869321,-101.3706969,79.92879735
1133,27.8324067,-101.3706969,79.92879735
1134,24.07263866,-101.3706969,79.92879735
1135,20.58101045,-101.3706969,79.92879735
1136,17.35267385,-101.3706969,79.92879735
1137,15.03163222,-62.84983206,41.41382803
1138,14.06085249,0,-21.42638506
1139,13.91712172,0,-21.42638506
1140,14.18006262,0,-21.42638506
1141,14.64536387,0,-21.42638506
1142,15.5373991,0,-21.42638506
1143,17.50551567,0,-21.42638506
1144,20.73336206,0,-21.42638506
1145,23.61161419,0,-21.42638506
1146,24.84000326,0,-21.42638506
1147,23.99291951,-26.35638119,4.925962364
1148,20.13862237,-101.3706969,79.92879735
1149,15.59112442,-101.3706969,79.92879735
1150,12.80382651,-75.01431568,53.57644992
1151,11.83148038,0,-21.42638506
1152,11.81010576,0,-21.42638506
1153,12.57053939,0,-21.42638506
1154,15.39049896,0,-21.42638506
1155,20.11796073,0,-21.42638506
1156,25.25260909,0,-21.42638506
1157,29.51312603,0,-21.42638506
1158,33.44562502,0,-21.42638506
1159,37.11054194,0,-21.42638506
1160,40.82492756,0,-21.42638506
1161,43.96229292,0,-21.42638506
1162,46.86613309,0,-21.42638506
1163,49.09430159,0,-21.42638506
1164,51.26805436,0,-21.42638506
1165,53.5432737,0,-21.42638506
1166,55.59051574,0,-21.42638506
1167,57.57671597,0,-21.42638506
1168,59.29783413,0,-21.42638506
1169,60.91709481,0,-21.42638506
1170,62.43750435,0,-21.42638506
1171,63.67408995,0,-21.42638506
1172,64.879904,0,-21.42638506
1173,66.32769406,0,-21.42638506
1174,67.73660453,0,-21.42638506
1175,69.0462161,0,-21.42638506
1176,70.29441508,0,-21.42638506
1177,71.25101829,0,-21.42638506
1178,72.21810521,0,-21.42638506
1179,73.16960791,0,-21.42638506
1180,73.99754652,0,-21.42638506
1181,74.68497968,0,-21.42638506
1182,75.35715871,0,-21.42638506
1183,76.03646251,0,-21.42638506
1184,76.75337554,0,-21.42638506
1185,77.54187129,0,-21.42638506
1186,78.27977574,0,-21.42638506
1187,78.85239389,0,-21.42638506
1188,79.40300595,0,-21.42638506
1189,80.04970439,0,-21.42638506
1190,80.68365178,0,-21.42638506
1191,81.34360036,0,-21.42638506
1192,82.01067319,0,-21.42638506
1193,82.70606076,0,-21.42638506
1194,83.22036288,0,-21.42638506
1195,83.67489817,0,-21.42638506
1196,84.06544451,0,-21.42638506
1197,84.48273976,0,-21.42638506
1198,84.97046912,0,-21.42638506
1199,85.43817662,0,-21.42638506
1200,85.93582522,0,-21.42638506
1201,86.56041524,0,-21.42638506
1202,87.11139534,0,-21.42638506
1203,87.70832972,0,-21.42638506
1204,88.21745243,0,-21.42638506
1205,88.55809125,0,-21.42638506
1206,88.90633196,0,-21.42638506
1207,89.20064147,0,-21.42638506
1208,89.55314053,0,-21.42638506
1209,90.00961751,0,-21.42638506
1210,90.41936478,0,-21.42638506
1211,90.81915642,0,-21.42638506
1212,91.18654394,0,-21.42638506
1213,91.48764414,0,-21.42638506
1214,91.78037987,0,-21.42638506
1215,92.07483705,0,-21.42638506
1216,92.46687206,0,-21.42638506
1217,92.96367133,0,-21.42638506
1218,93.25553758,0,-21.42638506
1219,93.45105262,0,-21.42638506
1220,93.63836107,0,-21.42638506
1221,93.82895957,0,-21.42638506
1222,93.99044901,0,-21.42638506
1223,94.0875717,0,-21.42638506
1224,94.20967089,0,-21.42638506
1225,94.36872422,0,-21.42638506
1226,94.50412388,0,-21.42638506
1227,94.66546575,0,-21.42638506
1228,94.76990549,0,-21.42638506
1229,94.89756168,0,-21.42638506
1230,95.06044479,0,-21.42638506
1231,95.19847001,0,-21.42638506
1232,95.36162315,0,-21.42638506
1233,95.49932701,0,-21.42638506
1234,95.66220708,0,-21.42638506
1235,95.7676794,0,-21.42638506
1236,95.89606458,0,-21.42638506
1237,96.0594396,0,-21.42638506
1238,96.19779355,0,-21.42638506
1239,96.36115667,0,-21.42638506
1240,96.49900954,0,-21.42638506
1241,96.69404702,0,-21.42638506
1242,96.89803584,0,-21.42638506
1243,97.10129165,0,-21.42638506
1244,97.2714824,0,-21.42638506
1245,97.37454808,0,-21.42638506
1246,97.43665575,0,-21.42638506
1247,97.43362905,0,-21.42638506
1248,97.42360045,0,-21.42638506
1249,97.38410421,0,-21.42638506
1250,97.31258606,0,-21.42638506
1251,97.30068687,0,-21.42638506
1252,97.29988937,0,-21.42638506
1253,97.26780987,0,-21.42638506
1254,97.16937263,0,-21.42638506
1255,97.06252869,0,-21.42638506
1256,96.95727087,0,-21.42638506
1257,96.82156813,0,-21.42638506
1258,96.58855678,0,-21.42638506
1259,96.28151458,0,-21.42638506
1260,95.93615559,0,-21.42638506
1261,95.59207407,0,-21.42638506
1262,95.37540971,0,-21.42638506
1263,95.2113475,0,-21.42638506
1264,95.08154897,0,-21.42638506
1265,94.92469735,0,-21.42638506
1266,94.79134576,0,-21.42638506
1267,94.59941605,0,-21.42638506
1268,94.42955656,0,-21.42638506
1269,94.35818725,0,-21.42638506
1270,94.3301944,0,-21.42638506
1271,94.27506193,0,-21.42638506
1272,94.21089253,0,-21.42638506
1273,94.02133879,0,-21.42638506
1274,93.71704183,0,-21.42638506
1275,93.18288789,0,-21.42638506
1276,92.49599466,0,-21.42638506
1277,91.70570313,0,-21.42638506
1278,90.97055464,0,-21.42638506
1279,90.28564957,0,-21.42638506
1280,89.64151939,0,-21.42638506
1281,88.97484301,0,-21.42638506
1282,88.3664921,0,-21.42638506
1283,87.73690088,0,-21.42638506
1284,87.04084097,0,-21.42638506
1285,86.33513383,0,-21.42638506
1286,85.63056265,0,-21.42638506
1287,84.95888266,0,-21.42638506
1288,84.35470147,0,-21.42638506
1289,83.76029147,0,-21.42638506
1290,83.16477042,0,-21.42638506
1291,82.56782114,0,-21.42638506
1292,81.969874,0,-21.42638506
1293,81.37119659,0,-21.42638506
1294,80.77198594,0,-21.42638506
1295,80.17245143,0,-21.42638506
1296,79.60379709,0,-21.42638506
1297,79.16528633,0,-21.42638506
1298,78.86893182,0,-21.42638506
1299,78.58850275,0,-21.42638506
1300,78.30316565,0,-21.42638506
1301,78.01326383,0,-21.42638506
1302,77.72015426,0,-21.42638506
1303,77.42484992,0,-21.42638506
1304,77.1280619,0,-21.42638506
1305,76.8302525,0,-21.42638506
1306,76.40760792,0,-21.42638506
1307,75.93588415,0,-21.42638506
1308,75.89155278,0,-21.42638506
1309,75.88937601,0,-21.42638506
1310,75.84752911,0,-21.42638506
1311,75.82420242,0,-21.42638506
1312,75.73956783,0,-21.42638506
1313,75.61062925,0,-21.42638506
1314,75.38222437,0,-21.42638506
1315,75.10866799,0,-21.42638506
1316,74.86259719,0,-21.42638506
1317,74.46945763,0,-21.42638506
1318,73.9302586,0,-21.42638506
1319,73.49660173,0,-21.42638506
1320,73.2756626,0,-21.42638506
1321,73.55219835,0,-21.42638506
1322,74.21404754,0,-21.42638506
1323,75.25852436,0,-21.42638506
1324,76.65304108,0,-21.42638506
1325,78.29303331,0,-21.42638506
1326,79.75467426,0,-21.42638506
1327,80.72045995,0,-21.42638506
1328,81.13486296,0,-21.42638506
1329,81.22996002,0,-21.42638506
1330,81.1767537,0,-21.42638506
1331,81.12212255,0,-21.42638506
1332,81.08345143,0,-21.42638506
1333,81.0250242,0,-21.42638506
1334,80.84467374,0,-21.42638506
1335,80.52848943,0,-21.42638506
1336,80.20059404,0,-21.42638506
1337,79.94373967,0,-21.42638506
1338,79.82637034,0,-21.42638506
1339,79.76274525,0,-21.42638506
1340,79.76558294,0,-21.42638506
1341,79.80771889,0,-21.42638506
1342,79.91391149,0,-21.42638506
1343,80.12215059,0,-21.42638506
1344,80.52685132,0,-21.42638506
1345,80.95416364,0,-21.42638506
1346,81.34261949,0,-21.42638506
1347,81.59425563,0,-21.42638506
1348,81.66784014,0,-21.42638506
1349,81.59247214,0,-21.42638506
1350,81.2197274,0,-21.42638506
1351,80.36694833,0,-21.42638506
1352,79.04815317,-40.54827875,19.1156879
1353,77.57903907,-101.3706969,79.92879735
1354,76.08262705,-101.3706969,79.92879735
1355,74.54947206,-101.3706969,79.92879735
1356,72.9226305,-101.3706969,79.92879735
1357,71.10038985,-101.3706969,79.92879735
1358,69.13290287,-101.3706969,79.92879735
1359,67.06874866,-101.3706969,79.92879735
1360,64.8555448,-101.3706969,79.92879735
1361,62.59788887,-101.3706969,79.92879735
1362,60.80435849,-101.3706969,79.92879735
1363,59.74232627,-83.12397143,61.68486451
1364,59.64214442,0,-21.42638506
1365,60.47433893,0,-21.42638506
1366,61.8192076,0,-21.42638506
1367,62.65615944,0,-21.42638506
1368,62.62333605,0,-21.42638506
1369,61.28715154,-6.082241812,-15.34507412
1370,59.40660002,-101.3706969,79.92879735
1371,58.11193696,-99.34328293,77.9016937
1372,57.64565047,0,-21.42638506
1373,57.62075249,0,-21.42638506
1374,57.5382124,0,-21.42638506
1375,56.93802494,0,-21.42638506
1376,55.37404672,-95.28845506,73.8474864
1377,52.58225339,-101.3706969,79.92879735
1378,48.41031453,-8.109655749,-13.31797047
1379,42.9897554,-93.26104112,71.82038276
1380,37.5620556,-101.3706969,79.92879735
1381,32.00736832,-12.16448362,-9.263763173
1382,28.19311338,-87.17879931,65.73907181
1383,27.6433367,-14.19189756,-7.236659525
1384,30.31107472,0,-21.42638506
1385,33.89940578,0,-21.42638506
1386,36.20917052,0,-21.42638506
1387,37.28066089,0,-21.42638506
1388,38.53058084,0,-21.42638506
1389,40.87477527,0,-21.42638506
1390,44.39251933,0,-21.42638506
1391,48.3450872,0,-21.42638506
1392,51.30457176,0,-21.42638506
1393,53.52729741,0,-21.42638506
1394,54.81842974,0,-21.42638506
1395,55.20816536,0,-21.42638506
1396,55.07905877,0,-21.42638506
1397,54.66396419,0,-21.42638506
1398,53.88067927,0,-21.42638506
1399,52.79299317,-62.84983206,41.41382803
1400,51.48484971,-101.3706969,79.92879735
1401,49.93681483,-101.3706969,79.92879735
1402,48.24887052,-101.3706969,79.92879735
1403,46.26403198,-101.3706969,79.92879735
1404,43.42029296,-101.3706969,79.92879735
1405,39.01106736,-101.3706969,79.92879735
1406,33.56315043,-101.3706969,79.92879735
1407,29.12365859,-101.3706969,79.92879735
1408,26.93882146,-50.68534843,29.25120614
1409,26.74542925,0,-21.42638506
1410,27.13042963,0,-21.42638506
1411,27.32660726,0,-21.42638506
1412,27.21672285,0,-21.42638506
1413,26.90475299,0,-21.42638506
1414,25.97011549,0,-21.42638506
1415,26.79239344,0,-21.42638506
1416,29.09281659,0,-21.42638506
1417,32.15012789,0,-21.42638506
1418,35.97696969,0,-21.42638506
1419,39.44067946,0,-21.42638506
1420,41.38982991,0,-21.42638506
1421,41.55054146,0,-21.42638506
1422,39.7857602,-32.438623,11.00727331
1423,36.87590685,-101.3706969,79.92879735
1424,34.79607498,-70.95948781,49.52224263
1425,34.35147545,0,-21.42638506
1426,35.21526295,0,-21.42638506
1427,37.59941559,0,-21.42638506
1428,40.57123238,0,-21.42638506
1429,42.30210283,0,-21.42638506
1430,42.46577742,0,-21.42638506
1431,41.22195653,-26.35638119,4.925962364
1432,38.44621005,-101.3706969,79.92879735
1433,33.93820945,-101.3706969,79.92879735
1434,28.55492754,-101.3706969,79.92879735
1435,22.79367778,-101.3706969,79.92879735
1436,19.37725456,-79.06914356,57.63065722
1437,18.96427933,0,-21.42638506
1438,20.04038936,0,-21.42638506
1439,21.37196578,0,-21.42638506
1440,21.99871202,0,-21.42638506
1441,21.76584555,0,-21.42638506
1442,20.52575517,-12.16448362,-9.263763173
1443,18.85968412,-91.23362718,69.79327911
1444,18.08060572,0,-21.42638506
1445,18.02986549,0,-21.42638506
1446,18.32134262,0,-21.42638506
1447,18.22113985,0,-21.42638506
1448,16.498349,-2.027413937,-19.39928141
1449,12.40185174,-99.34328293,77.9016937
1450,7.167590304,0,-21.42638506
1451,2.825154092,0,-21.42638506
1452,0.543636898,0,-21.42638506
1453,0.000193558,0,-21.42638506
1454,4.86442E-06,0,-21.42638506
1455,1.46456E-06,0,-21.42638506
1456,6.45721E-07,0,-21.42638506
1457,3.38677E-07,0,-21.42638506
1458,1.96329E-07,0,-21.42638506
1459,1.21446E-07,0,-21.42638506
1460,7.86054E-08,0,-21.42638506
1461,5.25937E-08,0,-21.42638506
1462,3.60871E-08,0,-21.42638506
1463,2.52518E-08,0,-21.42638506
1464,1.79477E-08,0,-21.42638506
1465,1.29182E-08,0,-21.42638506
1466,9.39462E-09,0,-21.42638506
1467,6.89074E-09,0,-21.42638506
1468,5.09036E-09,0,-21.42638506
1469,3.78299E-09,0,-21.42638506
1470,2.82568E-09,0,-21.42638506
1471,2.11974E-09,0,-21.42638506
1472,1.59603E-09,0,-21.42638506
1473,1.20551E-09,0,-21.42638506
1474,9.13018E-10,0,-21.42638506
1475,6.93112E-10,0,-21.42638506
1476,5.27237E-10,0,-21.42638506
1477,3.73471E-10,0,-21.42638506
1478,2.15567E-19,0,-21.42638506
1479,0.528456005,0,-185.1423458
1480,2.882928007,0,-57.36403498
1481,5.132813586,0,-21.42638506
1482,6.941984938,0,-21.42638506
1483,8.556211668,0,-21.42638506
1484,9.878727257,0,-21.42638506
1485,11.41967182,0,-21.42638506
1486,12.58164581,0,-21.42638506
1487,14.09162084,0,-21.42638506
1488,16.08163456,0,-21.42638506
1489,18.62370695,0,-21.42638506
1490,21.74368975,0,-21.42638506
1491,25.19904536,0,-21.42638506
1492,28.86503124,0,-21.42638506
1493,32.55387132,0,-21.42638506
1494,35.84336345,0,-21.42638506
1495,39.06925688,0,-21.42638506
1496,42.07964533,0,-21.42638506
1497,44.67000929,0,-21.42638506
1498,46.66728124,0,-21.42638506
1499,48.45085757,0,-21.42638506
1500,50.01616356,0,-21.42638506
1501,51.11561754,0,-21.42638506
1502,51.89954675,0,-21.42638506
1503,52.58773799,0,-21.42638506
1504,53.18913051,0,-21.42638506
1505,53.81964701,0,-21.42638506
1506,54.36538593,0,-21.42638506
1507,54.8455803,0,-21.42638506
1508,55.36104351,0,-21.42638506
1509,55.98334046,0,-21.42638506
1510,56.75187859,0,-21.42638506
1511,57.80051863,0,-21.42638506
1512,59.26400963,0,-21.42638506
1513,61.14843275,0,-21.42638506
1514,63.40190658,0,-21.42638506
1515,65.85183256,0,-21.42638506
1516,68.19371722,0,-21.42638506
1517,69.88155176,0,-21.42638506
1518,71.29377865,0,-21.42638506
1519,72.42535735,0,-21.42638506
1520,73.21506506,0,-21.42638506
1521,73.79689686,0,-21.42638506
1522,74.1412425,0,-21.42638506
1523,74.27333086,0,-21.42638506
1524,74.04704866,0,-21.42638506
1525,73.36165549,0,-21.42638506
1526,71.86676553,-62.84983206,41.41382803
1527,69.81707024,-101.3706969,79.92879735
1528,67.44557992,-101.3706969,79.92879735
1529,65.0976516,-101.3706969,79.92879735
1530,63.06945774,-101.3706969,79.92879735
1531,61.5070577,-101.3706969,79.92879735
1532,60.41892998,-50.68534843,29.25120614
1533,59.89521898,0,-21.42638506
1534,59.2806636,0,-21.42638506
1535,60.23299933,0,-21.42638506
1536,61.76500101,0,-21.42638506
1537,63.98063312,0,-21.42638506
1538,66.6927988,0,-21.42638506
1539,69.78183014,0,-21.42638506
1540,73.12605218,0,-21.42638506
1541,76.586139,0,-21.42638506
1542,80.09940011,0,-21.42638506
1543,83.41063587,0,-21.42638506
1544,86.05614449,0,-21.42638506
1545,88.15245512,0,-21.42638506
1546,89.6085799,0,-21.42638506
1547,90.42936019,0,-21.42638506
1548,90.92627076,0,-21.42638506
1549,91.33821653,0,-21.42638506
1550,91.80937176,0,-21.42638506
1551,92.36052737,0,-21.42638506
1552,93.0492819,0,-21.42638506
1553,93.78974861,0,-21.42638506
1554,94.56314749,0,-21.42638506
1555,95.30846772,0,-21.42638506
1556,96.14059798,0,-21.42638506
1557,97.11055055,0,-21.42638506
1558,98.25181609,0,-21.42638506
1559,99.56867039,0,-21.42638506
1560,101.1191063,0,-21.42638506
1561,102.7545525,0,-21.42638506
1562,104.3878896,0,-21.42638506
1563,106.0120107,0,-21.42638506
1564,107.6604456,0,-21.42638506
1565,109.3701195,0,-21.42638506
1566,111.0846393,0,-21.42638506
1567,112.8268553,0,-21.42638506
1568,114.5683942,0,-21.42638506
1569,116.1515238,0,-21.42638506
1570,117.6160618,0,-21.42638506
1571,118.973961,0,-21.42638506
1572,120.228177,0,-21.42638506
1573,121.3796706,0,-21.42638506
1574,122.3656033,0,-21.42638506
1575,123.0853992,0,-21.42638506
1576,123.5886682,0,-21.42638506
1577,123.8558357,0,-21.42638506
1578,123.8545184,0,-21.42638506
1579,123.6432655,0,-21.42638506
1580,123.2968311,0,-21.42638506
1581,122.8839319,0,-21.42638506
1582,122.3846991,0,-21.42638506
1583,121.8816816,0,-21.42638506
1584,121.2327854,0,-21.42638506
1585,120.4756042,0,-21.42638506
1586,119.6189775,0,-21.42638506
1587,118.6630992,0,-21.42638506
1588,117.640129,0,-21.42638506
1589,116.6481257,0,-21.42638506
1590,115.7937371,0,-21.42638506
1591,115.1177549,0,-21.42638506
1592,114.5910753,0,-21.42638506
1593,114.2031014,0,-21.42638506
1594,113.8917943,0,-21.42638506
1595,113.7065616,0,-21.42638506
1596,113.4681557,0,-21.42638506
1597,113.0900262,0,-21.42638506
1598,112.5929891,0,-21.42638506
1599,111.8639295,0,-21.42638506
1600,111.0118261,0,-21.42638506
1601,110.0587611,0,-21.42638506
1602,109.0376264,0,-21.42638506
1603,108.0766492,-10.13706969,-11.29086682
1604,107.2872288,-101.3706969,79.92879735
1605,106.7187617,-101.3706969,79.92879735
1606,106.3395863,-101.3706969,79.92879735
1607,106.1615393,-101.3706969,79.92879735
1608,106.0650564,-101.3706969,79.92879735
1609,106.090652,-101.3706969,79.92879735
1610,106.1881964,-101.3706969,79.92879735
1611,106.377018,-101.3706969,79.92879735
1612,106.5728307,-101.3706969,79.92879735
1613,106.9166158,-101.3706969,79.92879735
1614,107.4025357,-101.3706969,79.92879735
1615,108.0555212,-101.3706969,79.92879735
1616,108.8488785,-101.3706969,79.92879735
1617,109.8385164,-101.3706969,79.92879735
1618,111.0011767,-101.3706969,79.92879735
1619,112.269698,-101.3706969,79.92879735
1620,113.538656,-101.3706969,79.92879735
1621,114.6414042,-101.3706969,79.92879735
1622,115.5871642,-101.3706969,79.92879735
1623,116.3235611,-101.3706969,79.92879735
1624,116.7821912,-101.3706969,79.92879735
1625,116.8661657,-101.3706969,79.92879735
1626,116.6279999,-101.3706969,79.92879735
1627,115.9852909,-101.3706969,79.92879735
1628,114.8051184,-101.3706969,79.92879735
1629,113.1709502,-101.3706969,79.92879735
1630,111.2214781,-101.3706969,79.92879735
1631,109.2943835,-101.3706969,79.92879735
1632,107.6352468,-101.3706969,79.92879735
1633,106.4334647,-101.3706969,79.92879735
1634,105.7153988,-101.3706969,79.92879735
1635,105.4962072,-101.3706969,79.92879735
1636,105.4864507,-101.3706969,79.92879735
1637,105.5119207,-101.3706969,79.92879735
1638,105.39786,-101.3706969,79.92879735
1639,105.0958287,-101.3706969,79.92879735
1640,104.6695095,-101.3706969,79.92879735
1641,104.1980345,-101.3706969,79.92879735
1642,103.8497976,-101.3706969,79.92879735
1643,103.7418585,-101.3706969,79.92879735
1644,103.9787418,-101.3706969,79.92879735
1645,104.5672635,-101.3706969,79.92879735
1646,105.4106091,-101.3706969,79.92879735
1647,106.4882579,-101.3706969,79.92879735
1648,107.7068227,-101.3706969,79.92879735
1649,109.0828119,-101.3706969,79.92879735
1650,110.5280483,-101.3706969,79.92879735
1651,111.9683908,-101.3706969,79.92879735
1652,113.3327632,-101.3706969,79.92879735
1653,114.5235631,-101.3706969,79.92879735
1654,115.5924801,-101.3706969,79.92879735
1655,116.5215274,-101.3706969,79.92879735
1656,117.3111903,-101.3706969,79.92879735
1657,118.0873649,-101.3706969,79.92879735
1658,118.8697751,-101.3706969,79.92879735
1659,119.6577603,-101.3706969,79.92879735
1660,120.4495418,-101.3706969,79.92879735
1661,121.2437376,-101.3706969,79.92879735
1662,122.0077143,-101.3706969,79.92879735
1663,122.7385781,-101.3706969,79.92879735
1664,123.496169,-101.3706969,79.92879735
1665,124.1658678,-101.3706969,79.92879735
1666,124.7612472,-101.3706969,79.92879735
1667,125.2856532,-101.3706969,79.92879735
1668,125.6804637,-101.3706969,79.92879735
1669,126.0290315,-101.3706969,79.92879735
1670,126.3162412,-101.3706969,79.92879735
1671,126.5674777,-101.3706969,79.92879735
1672,126.7250209,-101.3706969,79.92879735
1673,126.8116085,-101.3706969,79.92879735
1674,126.8939932,-101.3706969,79.92879735
1675,126.9492661,-101.3706969,79.92879735
1676,126.9421669,-101.3706969,79.92879735
1677,126.9122425,-34.46603694,13.03437696
1678,126.7890253,0,-21.42638506
1679,126.5374171,0,-21.42638506
1680,126.2154653,0,-21.42638506
1681,125.8919402,0,-21.42638506
1682,125.6394822,0,-21.42638506
1683,125.5568976,0,-21.42638506
1684,125.6249875,0,-21.42638506
1685,125.8975208,0,-21.42638506
1686,126.3163921,0,-21.42638506
1687,126.7462297,0,-21.42638506
1688,127.1678492,0,-21.42638506
1689,127.5185742,0,-21.42638506
1690,127.7319802,0,-21.42638506
1691,127.8933753,0,-21.42638506
1692,127.9894028,0,-21.42638506
1693,128.078752,0,-21.42638506
1694,128.1708965,0,-21.42638506
1695,128.2654821,0,-21.42638506
1696,128.3617756,0,-21.42638506
1697,128.4592398,0,-21.42638506
1698,128.5575005,0,-21.42638506
1699,128.6242219,0,-21.42638506
1700,128.5929184,0,-21.42638506
1701,128.4551023,0,-21.42638506
1702,128.2443929,0,-21.42638506
1703,128.0286505,0,-21.42638506
1704,127.7851501,0,-21.42638506
1705,127.5110568,0,-21.42638506
1706,127.2974293,0,-21.42638506
1707,127.0953477,0,-21.42638506
1708,126.9265425,0,-21.42638506
1709,126.8243468,0,-21.42638506
1710,126.7306819,0,-21.42638506
1711,126.6997295,0,-21.42638506
1712,126.7998682,0,-21.42638506
1713,126.9477447,0,-21.42638506
1714,127.1901324,0,-21.42638506
1715,127.503511,0,-21.42638506
1716,127.853168,0,-21.42638506
1717,128.2642253,0,-21.42638506
1718,128.7117802,0,-21.42638506
1719,129.2213278,0,-21.42638506
1720,129.7677807,0,-21.42638506
1721,130.3444264,0,-21.42638506
1722,130.8277661,0,-21.42638506
1723,131.1684757,0,-21.42638506
1724,131.3345699,0,-21.42638506
1725,131.3544561,0,-21.42638506
1726,131.109173,0,-21.42638506
1727,130.4590051,0,-21.42638506
1728,129.360345,0,-21.42638506
1729,127.7236284,0,-21.42638506
1730,125.4675785,-62.84983206,41.41382803
1731,122.9290973,-101.3706969,79.92879735
1732,120.3161106,-101.3706969,79.92879735
1733,117.7227208,-101.3706969,79.92879735
1734,115.2432347,-101.3706969,79.92879735
1735,112.8736983,-101.3706969,79.92879735
1736,110.5596993,-101.3706969,79.92879735
1737,108.1982193,-101.3706969,79.92879735
1738,105.8415646,-101.3706969,79.92879735
1739,103.536788,-101.3706969,79.92879735
1740,101.3365258,-101.3706969,79.92879735
1741,99.39096509,-101.3706969,79.92879735
1742,97.77955276,-62.84983206,41.41382803
1743,96.45418217,0,-21.42638506
1744,95.2328231,0,-21.42638506
1745,94.17981517,0,-21.42638506
1746,93.19823265,0,-21.42638506
1747,92.2154017,0,-21.42638506
1748,91.29345697,0,-21.42638506
1749,90.49569061,0,-21.42638506
1750,89.77907434,0,-21.42638506
1751,89.22339062,0,-21.42638506
1752,88.74693026,0,-21.42638506
1753,88.27218593,0,-21.42638506
1754,87.79009906,0,-21.42638506
1755,87.30236219,0,-21.42638506
1756,86.81072011,0,-21.42638506
1757,86.31641629,0,-21.42638506
1758,85.78830964,0,-21.42638506
1759,85.22456635,0,-21.42638506
1760,84.68593045,0,-21.42638506
1761,84.09058165,0,-21.42638506
1762,83.48616282,0,-21.42638506
1763,82.8824958,0,-21.42638506
1764,82.27988784,0,-21.42638506
1765,81.6470362,0,-21.42638506
1766,80.88535947,0,-21.42638506
1767,79.81332936,0,-21.42638506
1768,78.26616491,-89.20621324,67.76617546
1769,76.22457898,-101.3706969,79.92879735
1770,73.63799242,-101.3706969,79.92879735
1771,70.60552876,-101.3706969,79.92879735
1772,67.38191646,-101.3706969,79.92879735
1773,64.16492587,-101.3706969,79.92879735
1774,61.05590568,-101.3706969,79.92879735
1775,58.20409318,-101.3706969,79.92879735
1776,55.65736918,-101.3706969,79.92879735
1777,53.25964553,-101.3706969,79.92879735
1778,50.66101648,-101.3706969,79.92879735
1779,47.96841144,-101.3706969,79.92879735
1780,44.89661034,-101.3706969,79.92879735
1781,41.46137982,-101.3706969,79.92879735
1782,37.92294889,-101.3706969,79.92879735
1783,34.3650182,-101.3706969,79.92879735
1784,31.45835357,-101.3706969,79.92879735
1785,29.08320103,-101.3706969,79.92879735
1786,27.0402947,-101.3706969,79.92879735
1787,24.60789241,-48.6579345,27.22410249
1788,22.83582753,-50.68534843,29.25120614
1789,21.03027551,-52.71276237,31.27830979
1790,18.98694571,-46.63052056,25.19699885
1791,16.52871638,-101.3706969,79.92879735
1792,13.61458675,-101.3706969,79.92879735
1793,10.37122341,-58.79500418,37.35962074
1794,6.903760044,0,-21.42638506
1795,2.500869337,0,-21.42638506
1796,0.000205115,0,-21.42638506
1797,4.8884E-06,0,-21.42638506
1798,1.46893E-06,0,-21.42638506
1799,6.47166E-07,0,-21.42638506
1800,3.3944E-07,0,-21.42638506
