Time;OBD Alternator currents;OBD Battery currents;OBD Engine load percentage;OBD velocity
1;-109,634;69,155;36,1;0
2;-98,704;58,584;33,7;0
3;-87,88;52,334;30,2;0
4;-82,719;47,433;30,2;0
5;-78,863;42,9;29,8;0
6;-75,865;40,577;27,5;0
7;-73,811;37,558;26,7;0
8;-76,708;35,253;26,7;0
9;-75,976;33,278;27,1;0
10;-74,192;31,052;26,7;0
11;-82,212;29,593;26,7;0
12;-82,23;30,141;47,1;0
13;-80,546;28,946;25,9;6,14
14;-63,305;27,957;58,4;11,4
15;-82,122;27,054;33,3;12,38
16;-62,707;27,104;25,5;16,2
17;-52,106;26,294;49,8;21,12
18;-46,82;26,045;68,2;26,78
19;-61,075;25,192;74,1;27,06
20;-61,45;24,756;10,2;28,82
21;-60,749;24,18;32,5;29,6
22;-60,369;24,154;29,4;30,54
23;-59,88;23,141;31,4;31,36
24;-67,084;22,941;31,8;32,02
25;-68,991;22,305;34,5;32,86
26;-33,301;5,6;44,7;33,6
27;0;-50,52;72,9;37,76
28;0;-24,166;24,3;41,34
29;0;-24,178;69,8;42,14
30;0;-47,096;67,5;41,52
31;0;-41,92;29,4;41,32
32;0;-42,582;38,8;42,34
33;0;-42,92;38,4;43,02
34;0;-44,153;30,2;42,64
35;-2,174;-41,879;11;41,42
36;-90,726;47,879;0;39,32
37;-80,174;40,881;2,7;36,04
38;-70,928;31,666;1,2;32,78
39;-66,327;25,521;16,9;30,52
40;-77,486;28,625;0;27,62
41;-80,997;26,036;0;23,62
42;-61,416;22,124;0;21,22
43;-65,613;24,59;0;19,1
44;-58,137;19,027;1,6;19,38
45;-0,514;-42,822;17,6;19,48
46;0;-43,943;23,9;19,06
47;0;-45,698;22;19,86
48;0;-46,057;5,5;19,62
49;-82,53;43,872;0,4;17,9
50;-68,933;33,866;0;15,78
51;-61,218;26,521;0,4;13,8
52;-46,104;7,657;14,5;12,48
53;0;-40,322;27,5;12
54;0;-41,159;30,6;12,48
55;0;-41,082;18,4;13,42
56;0;-41,022;16,5;14
57;0;-40,992;17,6;14,1
58;0;-41,329;22,7;13,9
59;0;-41,723;37,3;13,8
60;0;-42,023;32,9;14,36
61;0;-43,026;22,4;16,06
62;0;-42,656;14,1;17,22
63;0;-42,541;22;16,98
64;0;-43,333;24,7;18,2
65;0;-44,195;23,5;20,04
66;0;-44,24;22;22,52
67;-0,194;-43,928;25,5;25,42
68;-1,32;-40,296;29,4;25,8
69;0;-24,889;47,5;29,24
70;-3,579;-44,107;32,9;34,02
71;0;-25,03;56,5;35,94
72;0;-24,568;74,5;36,92
73;-2,655;-43,323;5,9;37,94
74;-0,861;-41,187;30,6;38,54
75;-1,503;-40,627;37,3;39,02
76;-2,045;-40,241;35,7;39,02
77;-2,767;-40,583;34,5;38,14
78;-4,337;-40,433;28,2;36,82
79;-8,309;-37,06;8,2;35,3
80;-86,855;45,678;0,4;34,32
81;-63,825;24,65;16,1;34,52
82;-58,956;20,031;25,1;35
83;-56,92;17,057;23,9;35,56
84;-69,962;29,275;6,3;35,74
85;-53,449;15,176;12,5;34,5
86;-49,147;9,814;24,3;32,34
87;-46,811;8,965;11;29,42
88;-82,707;40,453;0;25,9
89;-82,326;40,149;0;20,16
90;-75,813;37,191;0;16,96
91;-70,186;31,367;16,5;13,06
92;-73,09;33,405;0;9,78
93;-67,256;30,874;3,1;7,4
94;-60,841;24,242;24,7;4,7
95;-49,172;11,284;22;0
96;-23,53;-16,638;19,2;0
97;-0,5;-40,455;15,7;0
98;0;-41,666;15,3;0
99;0;-41,78;16,1;0
100;0;-41,64;16,5;0
101;0;-37,961;16,9;0
102;0;-37,995;16,9;0
103;0;-38,017;16,9;0
104;0;-38,264;17,6;0
105;0;-37,876;17,3;0
106;0;-38,129;17,6;0
107;0;-38,753;17,3;0
108;0;-38,678;17,3;0
109;0;-38,629;17,3;0
110;0;-38,588;17,6;0
111;0;-38,59;17,6;0
112;0;-38,739;17,6;0
113;0;-38,539;17,6;0
114;0;-38,511;17,6;0
115;0;-38,599;17,6;0
116;0;-38,677;17,6;0
117;-0,334;-37,626;17,6;0
118;0;-38,15;17,6;0
119;0;-38,677;17,6;0
120;0;-38,703;17,6;0
121;0;-38,606;17,3;0
122;0;-38,652;17,3;0
123;0;-38,775;17,3;0
124;-0,707;-37,133;17,6;0
125;0;-37,815;17,6;0
126;0;-38,454;17,6;0
127;0;-38,718;17,6;0
128;0;-38,668;17,6;0
129;0;-38,571;17,6;0
130;0;-38,685;17,6;0
131;-1,663;-36,477;17,6;0
132;-0,726;-37,078;17,6;0
133;0;-38,259;17,3;0
134;0;-38,573;17,3;0
135;0;-38,566;17,3;0
136;0;-38,592;17,3;0
137;0;-38,424;19,2;0
138;-13,524;-22,457;45,1;0
139;-62,399;28,104;44,3;1,7
140;-56,935;16,979;35,7;7,48
141;0;-44,923;24,7;13,7
142;-3,499;-39,615;3,5;16,4
143;-49,082;10,911;26,7;17,92
144;-64,67;29,489;31,4;19,74
145;-61,562;24,588;34,9;21,06
146;-6,605;-33,222;35,3;23,08
147;0;-43,726;29;25,28
148;-2,425;-41,925;23,5;27,26
149;-7,224;-36,564;21,2;28,74
150;-9,581;-35,434;19,2;29,9
151;-49,961;3,8;1,6;29,96
152;-108,767;69,239;0;27,88
153;-97,746;59,445;0;23,68
154;-88,66;53,091;0,8;19,22
155;-77,804;46,184;13,7;16,04
156;-35,812;0,775;32,5;13,96
157;-37,103;2,054;42,4;12,72
158;-38,678;3,949;42,4;13,94
159;-27,132;4,27;46,3;17,62
160;-39,223;-0,552;36,1;23,2
161;0;-42,325;28,2;25,94
162;0;-43,662;28,2;26,04
163;0;-44,064;14,9;27,26
164;-1,701;-37,707;22,4;28,04
165;-62,43;27,516;37,6;29,12
166;-40,548;21,742;43,9;30,5
167;-35,44;16,671;45,5;32,16
168;0;-42,481;32,9;34,24
169;0;-43,576;29,4;36,06
170;0;-44,39;16,5;37,38
171;-54,161;8,617;0,4;37,16
172;-100,291;60,655;0;35,38
173;-85,659;48,811;0;32,4
174;-77,818;45,053;13,7;29,96
175;-62,919;25,566;16,1;27,6
176;0;-43,195;20;24,18
177;0;-39,719;6,7;23,44
178;-53,603;18,981;40,8;25,72
179;-51,645;15,188;33,7;28,26
180;-50,765;12,133;20,8;29,44
181;-48,65;10,745;8,6;29,22
182;-56,406;15,968;5,5;29,46
183;-78,012;42,455;0,8;28,34
184;-74,47;39,229;22,4;27,1
185;-72,785;37,685;0;25,84
186;-70,631;36,147;0;22,72
187;-67,587;34,788;0;20,52
188;-64,531;33,406;0;18,26
189;-63,077;31,912;4,7;16,28
190;-48,087;16,865;18,4;15,22
191;-13,465;-21,603;28,2;15,38
192;-22,46;-12,327;27,5;14,08
193;-25,419;-9,495;18;12,98
194;-28,376;-7,395;18;12,28
195;-27,858;-7,814;20,8;12,38
196;-31,18;-4,15;22,7;12,72
197;-33,199;-2,24;24,3;13,24
198;-32,583;-2,328;24,3;13,6
199;-32,213;-3,113;27,5;13,7
200;-33,649;-1,403;29,4;13,72
201;-37,233;2,219;34,5;14,6
202;-38,544;3,27;32,9;16,5
203;-39,514;3,665;30,6;18,6
204;-39,783;3,299;29,8;20,42
205;-37,604;-1,619;27,1;22,04
206;0;-41,968;25,5;23,54
207;0;-43,127;21,2;25,84
208;-17,874;-3,828;49;26,32
209;-36,246;17,513;69,4;29,52
210;-30,772;-9,088;76,9;33,98
211;-32,05;12,751;47,8;35,84
212;-29,47;10,285;69;36,88
213;-27,497;8,172;61,6;38,2
214;-45,464;5,702;51,4;39,64
215;-30,712;6,449;27,5;42,48
216;-24,811;4,997;60,8;42,34
217;-24,045;4,5;78,4;44,04
218;-22,594;2,754;85,9;46,36
219;-42,499;1,762;54,9;49,24
220;-38,464;2,607;29;52,16
221;-38,349;2,372;35,3;51,88
222;-38,035;2,419;33,3;52,06
223;-37,82;2,558;33,3;52,4
224;-37,827;2,117;34,1;52,7
225;-27,315;2,583;42,4;53,08
226;-21,711;1,95;62,7;53,38
227;-21,893;1,899;67,1;53,78
228;-37,474;2,04;36,1;54,5
229;-37,762;2,161;32,5;55,88
230;-38,182;1,879;30,6;57,18
231;-38,205;-0,439;26,3;57,3
232;-64,447;23,02;1,2;56,74
233;-69,646;32,295;0,8;55,42
234;-66,545;30,182;0,8;54,1
235;-61,189;29,97;14,9;52,94
236;-64,259;28,726;0;51,76
237;-67,613;28,146;0;50,36
238;-66,865;27,898;0;48,92
239;-65,147;26,997;0;47,38
240;-61,967;25,994;0;45,66
241;-56,827;20,81;22,4;44,44
242;-65,14;26,054;0;42,42
243;-60,822;25,042;0;40,2
244;-63,379;24,826;0;37,34
245;-63,864;24,697;0;33,26
246;-60,074;24,065;0;29,74
247;-56,493;24,462;8,6;26,52
248;-59,082;23,88;0;23,16
249;-58,978;23,56;0;22,32
250;-16,209;-19,649;10,2;21,92
251;-12,146;-26,457;16,1;20,26
252;-22,972;-15,475;6,7;18,36
253;-47,832;15,014;2,4;17,22
254;-21,587;-14,012;14,5;17,98
255;-58,128;25,342;0;17,66
256;-41,923;9,755;13,3;16,14
257;-21,152;-13,264;28,6;14,34
258;-24,325;-10,017;41,6;14,44
259;-27,964;-7,658;40;16,42
260;-29,233;-8,81;33,7;19,66
261;0;-41,456;29,4;22,62
262;0;-31,048;42,4;25,44
263;0;-37,962;2,4;28,34
264;-30,926;7,546;67,5;29,32
265;0;-44,623;22,7;33,38
266;-31,115;8,4;64,3;36,54
267;-33,577;12,546;80,8;37,52
268;-49,992;8,337;28,2;39,96
269;-28,221;6,74;41,2;42,56
270;-41,096;5,36;45,9;42,84
271;-43,034;3,728;27,1;44,96
272;-57,196;18,505;5,5;46,18
273;-69,236;31,29;0,8;45,36
274;-65,671;28,205;0,4;44,2
275;-62,398;26,114;6,3;42,26
276;-64,928;25,172;0;39,66
277;-64,595;24,681;0;35,94
278;-60,301;24,385;0;31,26
279;-60,664;23,699;0;27,86
280;-50,669;13,857;0;23,44
281;0;-23,164;27,1;22,46
282;0;-43,877;46,7;24,1
283;0;-21,52;33,3;26,22
284;-20,09;-0,184;77,3;27,3
285;0;-44,06;66,3;30,56
286;-4,564;-16,026;49;36,14
287;-27,41;7,851;87,8;37,04
288;-24,798;-7,555;31;40,86
289;-10,961;-10,487;83,5;44,66
290;-42,754;5,782;56,9;44,96
291;-43,387;3,389;24,7;47,44
292;-66,393;27,114;1,2;49,84
293;-61,997;26,131;0;49,66
294;-32,951;-3,791;18;48,52
295;-33,316;-3,668;24,3;47,18
296;-33,986;-2,897;25,9;46,2
297;-34,252;-2,916;27,1;45,98
298;-34,912;-1,823;25,5;46,12
299;-29,663;-1,896;25,5;46,5
300;-15,342;-2,109;18;46,86
301;-39,613;24,58;1,2;47,04
302;-35,384;15,624;5,5;46,38
303;-37,967;17,766;0;45,12
304;-8,668;-12,046;15,3;43,96
305;-12,928;-7,944;3,1;42,92
306;-40,783;21,717;2,4;42,42
307;-44,28;24,999;0;41,12
308;-14,724;-5,442;10,6;40,62
309;-9,921;-11,061;17,3;40,34
310;-13,478;-7,469;19,6;39,62
311;-16,423;-3,759;9;38,54
312;-46,468;27,769;0,4;37,4
313;-43,464;24,302;0,8;36,82
314;-42,537;23,46;13,3;36,44
315;-42,286;23,259;0;35,38
316;-41,706;22,59;0;33,38
317;-41,46;22,438;0;31,96
318;-41,197;21,998;0;30,32
319;-40,763;21,333;3,1;28,92
320;-40,81;21,797;4,7;28,1
321;-28,751;9,078;8,6;26,42
322;0;-21,816;18;25,34
323;0;-21,844;12,5;25,44
324;0;-21,901;3,5;24,78
325;0;-21,936;4,3;23,92
326;0;-21,951;12,5;23,64
327;0;-21,878;12,2;23,52
328;0;-21,037;2,7;23,22
329;-60,397;38,854;0;21,34
330;-46,916;28,133;0;19,52
331;-43,429;24,236;0;17,72
332;-13,75;-6,132;13,3;16,02
333;-11,973;-9,02;15,3;15,32
334;-14,596;-6,003;14,5;15,72
335;-14,712;-5,938;12,9;15,52
336;-15,788;-4,976;12,5;15,14
337;-16,011;-4,517;21,6;14,3
338;-16,508;-4,17;30,6;14,26
339;-18,189;-2,388;32,5;15,46
340;-19,812;-0,263;30,6;17,4
341;-19,97;-0,111;28,6;19,5
342;-1,566;-20,93;25,5;21,74
343;0;-22,018;20;23,5
344;0;-22,019;19,2;24,76
345;0;-21,917;2,4;25,88
346;-32,209;12,003;15,7;26,34
347;-28,358;8,304;20,4;26,76
348;-25,87;5,542;26,3;27,68
349;-24,307;3,887;27,1;28,54
350;-23,342;3,14;16,5;28,52
351;-22,011;1,488;12,2;27,66
352;-21,296;0,587;12,9;27,56
353;-20,885;0,241;14,1;27,76
354;-20,408;-0,113;22;27,94
355;-19,837;-0,329;24,3;27,76
356;-19,848;-0,108;19,2;27,76
357;-28,631;7,937;6,3;28,14
358;-44,071;25,203;0,4;27,88
359;-41,865;22,582;0;26,56
360;-41,38;22,658;11;25,74
361;-40,966;21,993;0;24,76
362;-37,293;17,781;0;22,6
363;-2,983;-18,349;13,3;20,08
364;-9,379;-11,359;19,2;19,06
365;-12,297;-8,432;19,2;19,54
366;-14,091;-6,656;19,2;20,36
367;-8,675;-13,212;18,8;21,48
368;0;-21,88;18,8;22,58
369;0;-21,989;18,4;23,88
370;0;-22,009;10,6;24,92
371;-28,096;3,705;0;25,02
372;-54,189;31,629;0;23,72
373;-47,973;25,028;0;21,92
374;-46,021;23,042;0,4;20,04
375;-44,847;21,471;7,1;17,44
376;-43,899;20,566;19,2;13,9
377;-43,125;20,116;17,6;11,52
378;-42,49;19,195;16,9;10,56
379;-41,463;17,852;16,5;8,94
380;-40,228;16,934;16,5;8,32
381;-38,87;15,48;16,5;7,26
382;-37,166;13,559;16,1;6,1
383;-35,164;11,552;16,1;4,46
384;-33,544;9,846;16,5;2,3
385;-29,648;7,954;16,9;0
386;-15,693;-5,124;16,9;0
387;0;-21,719;15,7;0
388;0;-21,754;14,9;0
389;0;-21,814;15,3;0
390;0;-21,826;15,3;0
391;0;-21,926;16,1;0
392;-26,653;6,121;19,6;0
393;-23,405;3,015;28,6;0
394;-22,075;1,312;40,8;1,66
395;-10,605;-10,295;25,5;5,7
396;0;-22,203;22,7;10,02
397;0;-22,24;9,4;12,92
398;-25,233;3,209;39,2;15,52
399;-25,528;5,773;37,6;17,2
400;0;-22,361;28,2;20,38
401;0;-22,295;16,9;23,08
402;-3,36;-20,994;3,1;25,24
403;-60,426;38,409;0;25,68
404;-50,318;27,62;0;24,12
405;-47,519;24,689;0;22,4
406;-46,069;23,07;0,4;20,42
407;-42,19;22,283;0;18,6
408;-36,546;16,693;0,4;16,94
409;0;-21,646;22,4;15,26
410;0;-21,809;30,2;14,46
411;0;-21,588;6,3;14,74
412;0;-21,702;12,2;14,46
413;0;-21,813;24,3;13,7
414;0;-21,869;28,6;13,72
415;0;-21,971;28,2;14,86
416;0;-22,038;17,6;16,44
417;0;-21,816;11,4;17,62
418;-38,501;18,52;0,4;17,92
419;0;-21,896;14,9;18,22
420;0;-22,018;17,3;18,7
421;-8,508;-14,189;7,5;17,82
422;0;-21,891;10,6;17,04
423;0;-21,861;20,8;16,5
424;0;-22,076;28,2;16,5
425;0;-23,055;42,7;17,5
426;0;-22,719;42;19,24
427;0;-23,352;38;22,38
428;0;-23,332;54,9;26,24
429;0;-23,836;27,8;27,46
430;0;-23,842;8,2;29,74
431;0;-23,956;9,8;31,58
432;-51,237;30,852;0;32,54
433;-57,8;37,553;2;32,1
434;-47,81;27,719;8,2;30,88
435;-53,015;30,823;0,4;30,32
436;-51,108;26,407;1,6;30,14
437;-50,767;26,294;9,4;30,04
438;-49,641;25,455;0;29
439;-48,814;24,182;0;25,62
440;-44,066;19,931;17,6;20,72
441;-37,446;12,808;17,6;15,68
442;-16,072;-9,615;15,7;10,34
443;0;-27,089;13,7;4,62
444;0;-26,688;13,7;0
445;0;-23,843;14,1;0
446;0;-23,6;14,5;0
447;0;-24,111;14,9;0
448;0;-23,801;14,9;0
449;0;-23,895;15,3;0
450;0;-23,824;15,7;0
451;0;-23,662;15,3;0
452;0;-23,871;15,3;0
453;0;-23,84;15,3;0
454;0;-24,17;15,3;0
455;0;-23,816;15,3;0
456;0;-24,187;15,3;0
457;0;-23,884;15,3;0
458;0;-24,082;15,3;0
459;0;-23,983;15,3;0
460;0;-23,829;15,3;0
461;0;-24,018;15,3;0
462;0;-23,982;15,3;0
463;0;-24,423;15,7;0
464;0;-24,111;15,3;0
465;0;-24,192;15,3;0
466;0;-24,045;15,3;0
467;0;-24,132;15,3;0
468;0;-24,07;15,3;0
469;0;-23,945;15,3;0
470;0;-24,018;15,3;0
471;0;-23,881;15,3;0
472;0;-24,365;15,3;0
473;0;-24,024;15,3;0
474;0;-24,367;15,3;0
475;0;-24,062;15,3;0
476;0;-24,117;15,3;0
477;0;-24,054;15,3;0
478;0;-23,915;15,3;0
479;0;-24,041;15,3;0
480;0;-24,009;15,3;0
481;0;-24,451;15,3;0
482;0;-24,121;15,3;0
483;0;-24,411;15,3;0
484;0;-24,124;15,3;0
485;0;-24,303;15,3;0
486;0;-24,143;15,3;0
487;0;-23,959;15,3;0
488;0;-24,142;15,3;0
489;0;-24,132;15,3;0
490;0;-24,606;15,3;0
491;0;-24,246;15,3;0
492;0;-24,529;15,3;0
493;0;-24,225;15,3;0
494;0;-24,559;15,3;0
495;0;-24,2;15,3;0
496;0;-24,083;15,3;0
497;0;-24,151;15,3;0
498;0;-24,106;15,3;0
499;0;-24,547;15,3;0
500;0;-24,206;15,3;0
501;0;-24,513;15,3;0
502;0;-24,18;15,3;0
503;0;-24,367;14,9;0
504;0;-24,165;14,9;0
505;0;-23,986;14,9;0
506;0;-24,131;14,9;0
507;0;-24,022;15,3;0
508;0;-24,473;15,3;0
509;0;-24,125;15,3;0
510;0;-24,594;14,9;0
511;0;-24,153;14,9;0
512;0;-24,192;44,7;0
513;0;-24,099;37,3;0
514;0;-24,256;44,3;2,5
515;0;-24,841;25,9;8,88
516;0;-24,827;22,4;12,88
517;0;-24,467;20;16,74
518;0;-24,596;25,5;17,4
519;0;-24,379;12,9;19,38
520;-54,088;31,952;0,4;20,64
521;-82,75;63,675;0;21
522;-72,484;53,203;0,8;19,52
523;-71,292;47,736;0;17,72
524;-62,783;38,804;8,6;15,9
525;-51,146;26,874;19,6;13,82
526;-30,41;4,996;16,9;12,4
527;-2,285;-24,841;14,1;8,96
528;0;-27,448;12,9;6,38
529;0;-27,863;13,3;2,26
530;0;-23,915;13,7;0
531;0;-24,373;13,7;0
532;0;-23,966;14,1;0
533;0;-23,962;19,6;0
534;0;-24,117;17,6;0
535;0;-23,79;27,5;0
536;0;-23,909;42;1,9
537;0;-24,535;33,7;4,86
538;0;-24,75;33,7;8,92
539;0;-25,101;2;12,1
540;0;-24,422;24,7;16,9
541;0;-24,554;23,1;18,34
542;0;-24,691;20,8;21,4
543;0;-24,265;7,8;23,2
544;-71,291;50,153;0;24,34
545;-73,547;53,994;0;23,74
546;-66,396;46,791;0;22,04
547;-62,692;42,766;0,4;20,22
548;-59,886;40,046;0;18,4
549;-54,123;34,133;2,4;16,62
550;-2,581;-21,943;18;15,24
551;0;-23,687;21,2;15,2
552;0;-24,161;11,4;15,52
553;0;-23,773;10,6;14,1
554;0;-23,945;16,5;13,16
555;0;-23,936;14,5;13,38
556;0;-23,63;14,9;13,52
557;0;-23,947;29;13,62
558;0;-24,037;33,7;13,62
559;0;-24,481;21,6;13,52
560;0;-24,063;8,6;13,62
561;0;-24,163;17,6;14,66
562;0;-23,106;16,1;16,24
563;-75,407;50,868;0;17,24
564;-66,948;43,285;20,4;15,98
565;-55,116;31,011;20;14,38
566;-39,141;14,595;14,5;11,28
567;-7,708;-14,395;13,7;5,1
568;0;-24,074;12,2;0
569;0;-23,862;12,9;0
570;0;-24,336;13,3;0
571;0;-23,956;13,7;0
572;0;-24,064;13,7;0
573;0;-23,965;14,1;0
574;0;-24,324;14,1;0
575;0;-23,965;14,1;0
576;0;-23,949;14,1;0
577;0;-24,411;14,1;0
578;0;-24,088;14,1;0
579;0;-24,426;14,1;0
580;0;-24,087;14,1;0
581;0;-23,705;14,1;0
582;0;-24,067;14,1;0
583;0;-23,89;14,1;0
584;0;-24,05;14,1;0
585;0;-23,976;14,1;0
586;0;-24,425;14,1;0
587;0;-24,085;14,1;0
588;0;-24,091;14,1;0
589;0;-23,939;14,1;0
590;0;-24,29;14,1;0
591;0;-24,119;14,1;0
592;0;-23,919;14,1;0
593;0;-24,082;14,1;0
594;0;-24,044;14,1;0
595;0;-24,456;14,1;0
596;0;-24,067;14,1;0
597;0;-24,378;14,1;0
598;0;-24,048;13,7;0
599;0;-24,178;13,7;0
600;0;-24,055;14,1;0
601;0;-23,683;22;0
602;-29,569;10,887;31,8;0
603;-49,567;31,336;56,9;0
604;-1,656;-22,164;28,2;4,72
605;-29,079;4,629;20;10,34
606;-47,576;26,425;56,5;13,74
607;0;-24,177;73,3;14,6
608;0;-24,604;4,7;19,34
609;0;-25,144;59,2;26,04
610;0;-24,751;82,4;31,7
611;0;-24,475;37,6;32,5
612;0;-23,85;92,9;34,58
613;-4,012;-21,484;1,6;38,84
614;-51,766;30,724;27,5;40,96
615;-47,289;26,181;24,7;45,68
616;-44,45;22,713;17,3;48,12
617;-41,318;19,994;10,6;47,94
618;-70,249;51,393;1,2;48,08
619;-52,561;31,379;5,5;47,48
620;-27,75;6,085;17,3;46,32
621;-28,837;7,346;19,2;45,1
622;-28,726;6,841;19,2;44,56
623;-28,875;7,184;20;44,46
624;-29,265;7,206;25,1;44,46
625;-28,071;6,126;27,8;44,5
626;-27,532;5,766;29,4;44,66
627;-27,744;5,974;30,2;44,96
628;-26,592;4,587;27,1;45,26
629;-26,348;4,628;26,7;45,74
630;-26,301;4,947;32,5;46,18
631;-26,696;4,587;54,5;46,48
632;-26,755;4,651;42,7;46,76
633;-26,269;4,499;43,9;47,54
634;-26,344;4,258;45,1;49,22
635;-26,172;4,184;18,8;51,48
636;-25,841;4,145;31,8;51,36
637;-26,214;4,087;31,8;52,48
638;-27,086;5,308;29,8;53,16
639;-27,011;5,063;29,8;53,3
640;-26,78;4,862;32,2;52,84
641;-25,449;3,835;43,5;52,32
642;-25,02;3,438;60;52,06
643;-25,67;3,434;54,9;52,46
644;-25,162;3,3;43,1;53,68
645;-25,696;3,458;42;54,84
646;-25,323;3,168;41,2;55,3
647;-25,719;4,057;40,8;55,6
648;-26,41;4,524;40,4;55,78
649;-26,494;4,203;28,2;55,88
650;-26,783;4,81;9,8;56,08
651;-63,855;40,208;0,4;56,28
652;-60,462;36,233;0,8;55,88
653;-58,18;34,611;14,5;54,82
654;-57,67;33,685;0;53,5
655;-56,279;32,386;0;51,98
656;-55,699;31,744;0;49,38
657;-54,455;30,365;10,2;46,24
658;-54,253;30,537;0;42,1
659;-53,679;29,839;0;38,74
660;-53,143;29,261;0;35,24
661;-52,386;27,956;0;30,8
662;-52,248;28,095;0;26,16
663;-51,617;27,822;0;21,16
664;-47,262;26,711;4,7;16,16
665;-17,545;-4,352;15,3;14,2
666;0;-23,83;41,6;12,88
667;-7,281;-15,87;60;12,96
668;-0,596;-22,333;63,9;15,8
669;0;-23,649;39,6;20,3
670;0;-23,401;24,3;24,56
671;-26,57;4,591;57,3;27,26
672;0;-23,849;63,5;29,48
673;0;-23,954;21,2;32,52
674;-30,726;9,43;54,1;35,12
675;-27,92;5,883;44,7;35,92
676;-26,54;4,461;23,9;37,64
677;-51,619;27,71;1,2;39,1
678;-56,687;32,664;0;39,86
679;-54,393;30,439;0;39,24
680;-53,051;29,15;9;37,34
681;-52,635;28,854;0;34,34
682;-48,439;28,144;0;30,62
683;-47,629;27,338;0;24,82
684;-8,027;-14,365;12,2;22,3
685;-6,27;-16,059;28,6;20,22
686;0;-23,144;36,9;19,78
687;0;-23,628;35,3;21,34
688;0;-23,318;25,5;24,34
689;-27,767;5,923;51;25,24
690;-25,823;3,767;25,9;26,82
691;-24,426;2,366;21,6;28,42
692;-23,219;1,216;20,8;30,24
693;-22,27;0;18;31,1
694;-22,276;0;11,8;31,84
695;-52,687;28,315;1,6;32,6
696;-53,9;29,996;0;32,92
697;-52,417;28,297;0;32,04
698;-49,374;27,862;11;29,4
699;-47,395;27,246;0;26,72
700;-28,652;7,278;3,9;24,58
701;0;-23,372;16,9;21,9
702;0;-23,114;5,1;22,3
703;0;-23,292;2;22,36
704;-20,463;1,408;3,5;21,06
705;-57,384;33,311;0,4;19,6
706;-52,836;28,682;0;19,36
707;-51,348;27,133;0;18,66
708;-46,217;25,743;9,8;17,2
709;-8,272;-13,455;22,4;14,34
710;-8,658;-13,864;54,9;13,1
711;-13,93;-8,872;59,2;13,24
712;-16,224;-6,273;25,9;16,24
713;-22,079;-4,111;6,7;20,48
714;-54,367;30,514;0;22,52
715;-50,888;26,925;0;22,14
716;-48,982;25,871;2,4;20,32
717;-36,425;16,124;8,6;16,52
718;0;-22,729;30,2;14,2
719;0;-23,413;45,5;13,22
720;0;-23,737;31;14,08
721;0;-23,478;27,1;16,28
722;0;-23,527;22,7;18,56
723;0;-23,418;27,5;20,56
724;0;-23,584;33,3;22,48
725;0;-23,585;34,1;24,42
726;0;-22,971;70,2;25,88
727;0;-24,394;73,3;27,86
728;0;-23,537;66,3;31,96
729;0;-23,581;45,5;36,34
730;0;-23,502;29;37,34
731;0;-24,195;34,9;40,14
732;0;-23,702;28,2;42,16
733;0;-23,494;31,8;42,08
734;-5,854;-19,196;24,7;42,78
735;-43,004;22,082;20,8;43,24
736;-38,451;17,238;19,2;43,72
737;-35,178;13,954;24,3;44,08
738;-33,125;11,308;36,1;44,36
739;-31,219;9,226;49,4;44,66
740;-30,06;7,891;38,8;44,94
741;-28,595;6,631;37,6;45,14
742;-27,937;5,982;31;45,34
743;-27,377;5,135;27,5;45,54
744;-25,704;3,629;24,3;45,72
745;-25,251;3,084;24,7;45,94
746;-24,675;2,951;29,4;46,08
747;-25,057;2,741;36,1;46,28
748;-24,989;2,599;32,2;46,46
749;-24,777;2,516;25,9;46,7
750;-25,288;3,497;22,7;47,2
751;-25,132;3,332;22,4;47,68
752;-25,278;2,959;17,6;48,18
753;-28,28;6,722;1,6;49
754;-42,003;20,101;7,5;49,64
755;-54,14;30,102;0;50,2
756;-52,326;28,102;0;50,2
757;-51,497;27,407;0;49,06
758;-50,589;26,36;1,2;47,64
759;-49,406;26,1;3,5;43,62
760;-49,128;25,638;0;39,62
761;-48,31;25,193;10,2;34,96
762;-47,879;24,627;0;30,84
763;-43,185;23,023;0;26,6
764;-1,482;-21,06;19,6;24,76
765;0;-22,49;52,5;19,96
766;0;-22,765;44,7;17,94
767;0;-22,603;34,1;16,28
768;0;-22,465;38,4;16,74
769;0;-23,189;42;18,28
770;0;-22,745;8,6;19,94
771;0;-22,117;82,7;24,5
772;0;-23,317;96,9;26,98
773;0;-23,072;46,3;30,38
774;0;-22,545;87,8;36,32
775;0;-22,743;7,5;43,06
776;0;-22,511;99,6;44,48
777;0;-22,735;9,8;48,08
778;0;-22,943;98;53,08
779;0;-22,519;61,2;54,18
780;0;-22,569;44,7;57,5
781;0;-22,786;42,4;58,1
782;-0,34;-22,816;43,9;59,4
783;-45,101;24,633;48,2;60,4
784;-40,271;19,534;39,6;60,94
785;-36,491;15,992;39,6;61,3
786;-33,886;13,267;39,2;61,9
787;-32,081;11,21;38,8;62,9
788;-30,599;9,627;36,9;63,68
789;-27,81;7,156;34,5;64,46
790;-27,171;6,192;35,7;64,84
791;-26,387;5,608;36,9;65,08
792;-25,382;3,612;18;65,24
793;-52,527;28,743;0,8;65,38
794;-53,86;30,608;0;65,54
795;-52,022;28,697;0;65,52
796;-50,771;27,524;0,8;63,26
797;-50,178;27,003;0;57,8
798;-49,366;26,016;0;52,6
799;-44,872;25,673;10,2;48,18
800;-40,395;20,832;0;44,08
801;-0,93;-21,413;20,4;42,56
802;-9,704;-12,495;42;42,64
803;-13,129;-8,48;83,9;42,74
804;-15,431;-6,161;92,2;45,04
805;-16,952;-4,138;99,2;47,6
806;-18,447;-3,229;37,6;50,7
807;-19,38;-2,366;15,3;53,16
808;-53,425;29,44;0;53,68
809;-50,139;26,589;0;53,04
810;-48,686;25,468;0;51,92
811;-48,072;24,965;0;50,68
812;-47,777;24,396;0;48,4
813;-44,741;20,99;6,3;45,62
814;-45,535;21,889;15,7;41,06
815;-47,324;23,632;0;36,04
816;-45,413;21,831;0;31,72
817;-42,995;23,513;0;28
818;-33,474;14,035;0;24,1
819;0;-22,034;24,7;20,82
820;0;-22,377;44,7;19,24
821;0;-22,549;33,7;18,86
822;0;-22,773;36,5;21,46
823;0;-22,071;18,8;25,02
824;0;-22,859;70,2;26,82
825;0;-22,95;5,5;29,02
826;0;-22,199;34,1;32,28
827;0;-22,653;53,3;34,36
828;0;-22,598;78,4;35,2
829;0;-23,329;90,6;37,36
830;0;-23,078;14,5;40,6
831;0;-23,198;59,2;44,7
832;0;-22,661;36,5;44,92
833;0;-23,156;29,8;46,66
834;0;-22,707;29,4;47,84
835;0;-22,828;31,8;48,32
836;0;-22,965;44,7;48,68
837;0;-23,168;45,1;49,06
838;0;-22,362;19,6;49,78
839;0;-22,706;43,9;51,24
840;0;-22,566;48,6;51,58
841;0;-22,887;62;52,8
842;0;-23,062;71;53,48
843;-26,868;4,126;35,7;53,78
844;-43,659;23,291;34,1;53,98
845;-39,337;18,796;34,1;54,26
846;-36,86;16,48;39,6;55
847;-35,619;14,007;58,4;55,68
848;-32,922;12,09;73,7;55,98
849;-30,925;9,896;45,5;56,24
850;-29,13;7,745;37,3;57,36
851;-28,036;7,208;38;59,08
852;-26,719;5,915;45,5;60,7
853;-24,983;4,482;50,2;61,38
854;-24,787;4,24;53,7;61,9
855;-25,134;3,991;39,6;62,34
856;-25,985;4,89;38,4;62,84
857;-25,262;4,556;49;63,22
858;-24,959;4,126;52,9;63,52
859;-23,471;2,591;45,1;64
860;-23,595;2,64;56,5;64,96
861;-23,12;2,601;59,6;66,4
862;0;-22,363;65,9;67,64
863;0;-22,668;41,6;69,06
864;0;-22,265;36,5;70,22
865;0;-22,476;45,1;70,92
866;0;-22,783;64,3;71,74
867;0;-22,614;58,8;72,82
868;0;-22,53;35,7;74,32
869;0;-22,435;28,2;75,74
870;0;-22,646;27,1;76,32
871;0;-23,188;23,9;76,52
872;0;-22,911;20,4;76,34
873;0;-22,801;18,8;76,04
874;0;-24,87;10,2;75,64
875;-57,061;33,564;0;75,12
876;-63,996;45,409;0;74,34
877;-51,116;31,971;0;73,02
878;-0,318;-21,769;15,3;71,66
879;0;-22,686;18,4;70,58
880;0;-22,69;7,1;70,22
881;0;-22,772;12,5;70,1
882;0;-22,678;18,4;69,04
883;0;-22,875;21,6;68,12
884;0;-22,414;30,6;67,64
885;0;-22,498;38,4;67,34
886;0;-22,544;40,8;67,34
887;0;-22,693;36,1;67,62
888;0;-22,849;19,6;68,12
889;0;-22,851;19,2;68,42
890;0;-22,761;13,3;68,32
891;-33,171;15,413;0,8;67,74
892;-68,463;49,419;0;66,52
893;-50,786;30,601;0,8;65,44
894;0;-22,388;16,9;64,94
895;0;-22,464;17,3;64,5
896;0;-22,509;10,6;63,84
897;0;-22,517;9,8;63,08
898;0;-22,492;15,7;62,34
899;0;-22,46;19,6;61,8
900;-44,781;24,551;20,4;61,62
901;-54,818;30,964;4,7;61,38
902;-61,295;38,691;0;60,58
903;-58,258;35,589;12,5;59,12
904;-52,998;33,916;0;55,88
905;-51,085;31,796;0;51,38
906;-45,075;26,839;0;47,54
907;-16,222;-5,093;21,2;44,46
908;-19,089;-1,338;11;42,46
909;-21,421;-0,013;63,5;42,64
910;-21,965;0,992;76,5;42,56
911;-22,557;1,777;87,1;43,8
912;-22,422;1,619;60;46,14
913;-22,214;1,469;68,2;49
914;0;-22,581;73,3;51,92
915;0;-22,706;19,6;54,74
916;-31,238;10,77;36,9;57,28
917;-28,362;7,857;44,3;57,28
918;-26,406;6,157;42,4;57,5
919;-27,315;6,272;55,3;57,6
920;-25,779;5,346;68,2;57,7
921;-25,254;4,77;57,6;57,8
922;-23,654;3,002;56,1;58,22
923;-23,624;2,831;44,3;59,58
924;-24,011;3,242;10,2;61,9
925;-51,469;32,427;0;64,6
926;-45,679;26,667;0;64,7
927;-14,888;-6,357;14,5;63,62
928;-16,738;-4,342;20,8;62,72
929;-18,813;-2,388;22;62,1
930;-19,21;-1,885;22,4;61,42
931;-20,157;-0,85;22,4;60,84
932;-20,695;0;8,2;60,3
933;-50,29;31,377;0;60
934;-40,885;20,963;0;59,6
935;-12,162;-9,026;15,7;58,66
936;-15,478;-5,448;20,8;57,44
937;-17,841;-2,951;12,5;56,72
938;-19,25;-1,829;10,2;56,28
939;-21,177;0,262;11,8;55,92
940;-21,446;0,146;16,1;55,4
941;-21,458;0,312;22,4;54,76
942;-20,761;0;25,9;54,18
943;-20,536;0;27,1;53,78
944;-20,867;0,106;28,2;53,48
945;-20,843;0,116;32,5;53,38
946;-22,256;1,431;47,5;53,38
947;-22,193;1,102;54,5;53,48
948;-22,195;1,321;47,5;54,28
949;-22,37;0,779;29,4;55,2
950;-35,614;11,367;5,1;55,68
951;-51,575;28,515;0,4;55,98
952;-49,802;26,647;0,4;55,58
953;-48,723;25,397;5,5;53,5
954;-48,676;25,561;13,3;49,82
955;-47,858;24,81;0;45,32
956;-45,977;24,322;16,1;40,64
957;-41,965;22,053;0;34,96
958;-0,387;-21,03;18;29,82
959;0;-22,301;36,5;25,42
960;0;-22,23;7,5;25,22
961;0;-21,758;82,7;27,32
962;0;-23,04;93,7;29,42
963;0;-22,117;99,6;36,94
964;0;-22,83;94,5;41,62
965;0;-22,294;58;45,8
966;0;-22,595;31,4;50,3
967;0;-22,546;14,1;51,58
968;-8,271;-15,13;4,7;52,8
969;-67,078;44,752;0;52,8
970;-56,539;33,856;0;52,3
971;-52,876;30,208;0;51,28
972;-50,843;28,06;0,4;49,08
973;-49,373;25,847;0;46,5
974;-48,482;25,513;0;41,76
975;-47,807;24,898;0;37,12
976;-47,244;24,339;0;31,52
977;-46,687;23,894;0;26,86
978;-46,664;23,443;0;21,34
979;-45,186;22,258;13,3;17,64
980;-45,103;21,443;16,5;14,22
981;-44,001;20,27;15,3;11,68
982;-42,792;18,966;14,9;9,24
983;-37,344;14,094;14,9;6,8
984;-19,27;-5,565;14,1;4,7
985;0;-25,594;12,9;2,7
986;0;-25,665;12,5;0
987;0;-25,697;12,9;0
988;0;-25,729;12,9;0
989;0;-25,707;12,5;0
990;0;-25,761;12,9;0
991;0;-25,89;13,3;0
992;0;-25,891;12,9;0
993;0;-25,828;12,9;0
994;0;-25,862;13,3;0
995;0;-25,897;13,3;0
996;0;-25,959;13,3;0
997;0;-25,857;13,3;0
998;0;-25,891;13,3;0
999;0;-25,904;13,3;0
1000;0;-25,873;13,3;0
1001;0;-25,934;13,3;0
1002;0;-25,89;13,3;0
1003;0;-25,929;13,3;0
1004;0;-25,972;13,3;0
1005;0;-25,939;13,3;0
1006;0;-25,927;13,3;0
1007;0;-25,949;13,3;0
1008;0;-26,035;13,3;0
1009;0;-25,998;13,3;0
1010;0;-25,961;13,3;0
1011;0;-25,947;13,3;0
1012;0;-25,994;13,3;0
1013;0;-25,997;13,3;0
1014;0;-25,994;13,3;0
1015;0;-26,003;13,3;0
1016;0;-26,011;13,3;0
1017;0;-25,973;13,3;0
1018;0;-25,989;13,3;0
1019;0;-25,962;13,3;0
1020;0;-26,006;13,3;0
1021;0;-25,961;13,3;0
1022;0;-22,372;12,9;0
1023;0;-22,303;12,9;0
1024;0;-22,294;12,9;0
1025;0;-22,188;12,9;0
1026;-3,769;-18,173;20,8;0
1027;-48,296;28,688;40,8;0
1028;-44,249;24,523;45,9;0
1029;-1,304;-20,279;34,9;4,3
1030;-0,703;-22,097;9,8;10,18
1031;-43,971;24,519;49;14,6
1032;0;-22,256;49,4;16,02
1033;-29,595;8,718;46,3;20,96
1034;0;-22,888;9,4;27,46
1035;-43,226;23,471;62,7;28,92
1036;-41,927;22,466;12,2;31,1
1037;-39,949;19,087;43,1;35,28
1038;-38,255;17,62;69,4;39,42
1039;-35,825;15,656;15,3;40,82
1040;-34,527;13,673;94,1;43,34
1041;-32,713;11,986;91;43,38
1042;-30,145;9,758;77,6;45,68
1043;-29,359;9,148;10,2;48,7
1044;-28,517;8,289;36,1;52,42
1045;-28,241;7,641;28,2;52,98
1046;-27,649;6,954;27,8;53,48
1047;-32,47;9,965;28,2;53,14
1048;-61,682;39,105;24,7;52,12
1049;-57,611;35,155;5,9;51,78
1050;-56,067;33,535;1,2;51,66
1051;-54,762;32,085;16,1;51,66
1052;-53,652;30,979;0;50,98
1053;-51,856;29,221;0;49,74
1054;-51,978;29,196;0;48,48
1055;-51,578;28,408;14,9;46,28
1056;-50,728;27,58;0;42,26
1057;-50,336;27,594;0;37,86
1058;-49,779;26,905;0;32,72
1059;-44,115;24,653;0;28,78
1060;-1,04;-19,924;0;22,98
1061;-3,522;-17,807;9,8;19,24
1062;-10,357;-10,717;26,3;15,38
1063;-14,509;-6,376;37,6;13,84
1064;-15,908;-4,902;34,9;12,76
1065;-9,559;-10,761;31,4;13,18
1066;0;-22,357;31;15,98
1067;0;-22,518;28,6;19,52
1068;-5,366;-17,916;31,8;22,4
1069;-30,249;9,608;16,9;24,98
1070;-10,42;-10,788;44,3;27,36
1071;-28,084;7,627;68,2;27,94
1072;-26,602;5,695;15,3;30,7
1073;-6,718;-16,05;93,3;34,82
1074;0;-22,363;96,5;35,84
1075;0;-22,084;98,8;41,04
1076;0;-22,511;12,2;45,74
1077;0;-22,382;95,3;49,94
1078;-37,619;17,414;96,1;50,8
1079;-35,168;14,346;31;55,78
1080;-45,722;26,528;100;56,38
1081;-52;32,775;36,1;58,82
1082;-47,947;28,343;3,5;61,3
1083;-20,648;0,181;0;62,1
1084;-19,075;-1,599;0;62,1
1085;-20,45;-0,241;11,4;61,16
1086;-20,628;-0,116;18,8;59,94
1087;-21,261;0,164;23,5;59,02
1088;-21,423;0,63;28,6;58,64
1089;-20,846;0;33,3;58,48
1090;-21,069;0;34,9;58,48
1091;-21,576;0,706;44,3;58,48
1092;-21,234;0,52;63,1;58,64
1093;-21,582;0,367;51,4;59,12
1094;-22,214;1,111;41,6;60,5
1095;-22,16;0,219;45,1;62,74
1096;-32,078;9,081;46,3;64,2
1097;-52,409;28,802;32,9;64,2
1098;-46,349;27,287;3,9;64
1099;-32,693;11,557;0;63,32
1100;-9,725;-10,949;0;62,1
1101;-14,658;-6,344;11,4;60,94
1102;-15,721;-5,088;21,6;59,62
1103;-17,522;-3,595;50,2;58,92
1104;-18,632;-2,534;74,1;58,92
1105;-19,133;-1,78;88,2;60,24
1106;-19,689;-0,453;40,4;62,32
1107;-49,224;29,961;26,3;64,38
1108;-42,594;23,327;10,2;64,5
1109;-10,423;-10,546;0;64,3
1110;-13,599;-7,461;0;63,76
1111;-16,045;-4,671;17,6;62,54
1112;-17,519;-3,299;48,2;61,42
1113;-19,92;-0,615;75,3;61,22
1114;-20,266;-0,635;91,4;62,58
1115;-20,654;-0,364;66,7;64,94
1116;-20,309;-0,258;45,5;68,02
1117;-48,567;29,178;35,7;69,54
1118;-19,619;-2,749;7,1;69,54
1119;-15,099;-6,189;0;68,5
1120;-25,2;4,668;10,2;67,34
1121;-50,626;27,533;18;66,7
1122;-48,893;25,687;4,3;66,42
1123;-48,129;24,832;0;66,04
1124;-47,465;24,488;0;65,14
1125;-47,245;23,691;0;63,44
1126;-46,825;23,688;0,4;60,38
1127;-46,347;23,251;0;56,68
1128;-45,683;23,074;0;52,88
1129;-45,866;22,869;0;48,7
1130;-45,657;22,472;0;44,72
1131;-45,279;21,731;0;40,7
1132;-44,986;22,028;0;35,68
1133;-42,818;21,689;4,3;31,74
1134;-41,018;21,512;0;27,84
1135;-11,879;-8,408;0;22,82
1136;0;-21,737;0;19,84
1137;-5,013;-16,268;11;17,62
1138;-8,778;-12,282;20,8;15,92
1139;-10,759;-10,075;14,9;14,4
1140;-14,101;-6,766;16,5;14
1141;-15,891;-5,069;25,9;15,04
1142;-18,159;-3,363;31,8;16,5
1143;0;-22,332;33,3;18,32
1144;0;-25,735;22,7;20,4
1145;-60,069;37,062;22,7;22,04
1146;-50,321;27,995;5,1;23,44
1147;-43,202;24,062;0;24,6
1148;-42,075;22,994;0;23,88
1149;-36,499;16,155;10,6;20,76
1150;-5,646;-15,345;16,5;16,46
1151;-11,53;-9,686;22;13,54
1152;-14,148;-7,001;38,8;12,84
1153;0;-22,187;48,2;14,24
1154;0;-22,098;47,1;18,08
1155;-21,498;1,356;52,9;21,64
1156;-4,418;-18,334;3,1;25,56
1157;0;-22,077;69,4;26,82
1158;-27,714;7,881;80,4;30,9
1159;-24,364;3,499;25,1;34,92
1160;-11,489;-8,826;91;36,04
1161;-24,703;4,619;96,9;38,54
1162;-12,81;-10,018;82;41,62
1163;-25,81;4,982;96,5;43,52
1164;-23,81;3,28;32,9;47,46
1165;-22,908;2,342;99,2;50,88
1166;-22,258;1,684;88,2;53,5
1167;-21,097;0,902;58,8;54,76
1168;-21,223;0,539;50,2;57,28
1169;-21,208;0,285;52,5;59,52
1170;-21,43;0;63,5;61,66
1171;-21,265;0,543;79,2;62,7
1172;-20,991;0,246;64,3;63,4
1173;-13,093;-6,715;53,3;64,08
1174;0;-21,649;42,4;65,44
1175;0;-21,754;43,5;67,64
1176;0;-21,876;47,1;69,36
1177;0;-21,919;51,8;70,32
1178;0;-21,891;49,4;71,16
1179;0;-21,869;46,3;71,74
1180;0;-21,926;47,1;72,42
1181;0;-21,947;47,1;73,12
1182;0;-22,039;47,1;73,94
1183;0;-21,945;47,5;74,72
1184;0;-21,975;45,5;75,64
1185;0;-21,941;42;76,54
1186;0;-21,958;43,5;77,46
1187;0;-21,963;45,1;77,94
1188;0;-22,198;43,9;78,34
1189;0;-22,044;48,2;79,02
1190;0;-22,044;48,2;79,84
1191;0;-22,035;47,5;80,54
1192;0;-21,981;43,5;81,3
1193;0;-21,998;42,4;81,94
1194;0;-22,076;41,6;82,44
1195;0;-22,37;42,7;82,82
1196;0;-22,488;43,1;83,2
1197;0;-22,705;44,7;83,68
1198;0;-22,792;44,7;84,18
1199;0;-22,762;43,9;84,66
1200;0;-22,866;43,9;85,34
1201;0;-22,812;40,4;85,98
1202;0;-22,856;39,2;86,66
1203;0;-22,852;37,6;87,26
1204;0;-21,769;39,2;87,88
1205;0;-19,606;43,1;88,38
1206;0;-20,587;42,7;88,66
1207;0;-22,763;42,7;88,96
1208;0;-22,846;41,2;89,14
1209;0;-22,914;40,4;89,34
1210;0;-22,946;41,2;89,56
1211;0;-22,922;44,3;89,96
1212;0;-22,916;44,3;90,28
1213;0;-22,952;41,2;90,62
1214;0;-22,976;41,6;90,94
1215;0;-23,058;41,6;91,4
1216;0;-23,039;41,2;91,92
1217;0;-23,113;41,2;92,36
1218;0;-22,968;40,4;92,66
1219;0;-22,918;37,6;92,84
1220;0;-22,948;37,6;92,94
1221;0;-22,996;38;93,24
1222;0;-22,963;38,4;93,72
1223;0;-23,001;38;93,92
1224;0;-22,921;37,6;94,16
1225;0;-22,989;38,4;94,28
1226;0;-23,09;38;94,26
1227;0;-23,094;38,4;94,36
1228;0;-23,044;38,4;94,46
1229;0;-23,087;37,6;94,56
1230;0;-23,17;38;94,66
1231;0;-23,197;39,6;94,86
1232;0;-23,157;39,2;95,06
1233;0;-23,148;39,2;95,34
1234;0;-23,241;38;95,64
1235;0;-23,078;38,8;95,82
1236;0;-22,974;38,8;95,94
1237;0;-23,012;39,2;96,18
1238;0;-23,04;39,2;96,28
1239;0;-23,102;40,4;96,48
1240;0;-23,111;40,4;96,58
1241;0;-23,104;40,4;96,76
1242;0;-23,043;40,4;96,86
1243;0;-23,065;39,6;97,06
1244;0;-23,017;34,5;97,26
1245;0;-23,054;34,1;97,46
1246;0;-23,066;35,3;97,54
1247;0;-23,082;37,6;97,54
1248;0;-23,081;37,6;97,54
1249;0;-23,089;37,3;97,54
1250;0;-23,031;35,7;97,36
1251;0;-23,095;36,5;97,16
1252;0;-23,168;36,5;97,16
1253;0;-23,036;34,9;97,16
1254;0;-23,051;32,5;97,26
1255;0;-23,043;29,8;97,26
1256;0;-23,127;32,2;97,26
1257;0;-23,349;31,4;97,26
1258;0;-23,313;30,6;97,16
1259;0;-23,331;31;96,76
1260;0;-23,36;31,4;96,28
1261;0;-23,393;31,8;95,84
1262;0;-23,439;31,8;95,44
1263;0;-23,41;31,4;95,34
1264;0;-23,409;31;95,34
1265;0;-23,334;31,4;95,34
1266;0;-23,378;31,4;95,34
1267;0;-23,343;31,4;95,24
1268;0;-23,292;31,8;95,16
1269;0;-23,305;31,4;94,76
1270;0;-23,424;31,8;94,56
1271;0;-23,414;32,2;94,46
1272;0;-23,328;30,6;94,28
1273;0;-23,357;27,5;94,26
1274;0;-23,467;26,3;93,94
1275;0;-23,628;24,3;93,54
1276;0;-23,672;22;93,14
1277;0;-23,647;20,8;92,58
1278;0;-23,711;18,8;92,1
1279;0;-30,286;17,6;91,52
1280;0;-30,185;17,6;91,04
1281;0;-30,133;16,9;90,46
1282;0;-30,042;16,9;89,84
1283;0;-29,954;16,5;89,16
1284;0;-29,877;16,5;88,38
1285;-57,846;31,801;16,5;87,64
1286;-55,388;28,36;16,5;86,86
1287;-50,335;23,426;16,9;86,18
1288;-48,254;20,897;17,3;85,44
1289;-45,79;18,492;17,6;84,76
1290;-43,393;16,019;18;84,08
1291;-42,821;15,622;17,6;83,44
1292;-41,401;14,117;17,6;82,86
1293;-40,194;12,894;17,6;82,26
1294;-37,946;10,887;18,4;81,78
1295;-37,108;9,966;19,2;81,14
1296;-36,513;9,144;20;80,66
1297;-35,649;8,629;19,6;80,18
1298;-35,408;7,83;20,8;79,76
1299;-35,634;8,325;21,2;79,46
1300;-35,511;8,45;22,7;79,16
1301;-35,025;7,968;23,5;78,84
1302;-35,294;8,064;23,9;78,44
1303;-33,182;6,062;21,6;78,14
1304;-32,895;5,928;20;77,76
1305;-32,924;5,885;20,8;77,22
1306;-31,244;4,446;23,9;76,82
1307;-31,532;4,463;25,5;76,34
1308;-31,228;4,7;25,9;76,14
1309;-32,555;5,742;26,3;75,94
1310;-32,308;5,518;26,7;75,84
1311;-31,945;5,152;27,1;75,74
1312;-31,59;4,663;27,1;75,54
1313;-30,894;3,85;27,1;75,46
1314;-31,193;3,793;27,1;75,34
1315;-30,599;3,655;22,4;75,12
1316;-29,916;3,46;20,4;74,94
1317;-30,794;4,4;20,4;74,64
1318;-31,924;5,071;22;74,24
1319;-30,932;4,646;29,4;73,84
1320;0;-28,216;43,5;73,66
1321;0;-28,148;58;73,66
1322;0;-28,295;56,1;74,04
1323;0;-28,237;56,1;74,82
1324;0;-28,247;56,5;75,94
1325;0;-28,331;48,2;76,92
1326;0;-28,286;42,4;78,14
1327;0;-28,378;36,5;79,58
1328;0;-28,294;31,8;80,64
1329;0;-28,328;29,4;81,04
1330;0;-28,358;28,6;81,04
1331;0;-23,355;27,1;80,94
1332;0;-23,313;26,3;80,84
1333;0;-22,506;27,1;80,84
1334;-52,252;31,788;24,3;80,74
1335;-47,033;26,494;25,9;80,64
1336;-42,799;21,977;26,7;80,44
1337;-40,527;19,931;27,5;80,36
1338;-37,5;16,703;29,4;80,26
1339;-35,563;14,942;31;80,06
1340;-33,633;12,684;33,7;79,96
1341;-31,533;10,535;37,6;79,86
1342;-30,709;9,651;43,9;79,86
1343;-30,144;8,988;43,9;80,06
1344;-29,475;8,008;44,7;80,54
1345;-28,806;7,591;40,4;81,12
1346;-28,531;6,936;30,2;81,68
1347;-28,268;6,492;25,1;82,26
1348;-28,56;6,626;25,5;82,66
1349;-47,754;26,776;19,6;82,66
1350;-64,643;42,283;16,1;82,66
1351;-63,032;39,745;2;82,16
1352;-61,098;38,009;0;81,68
1353;-60,074;36,195;0;80,54
1354;-58,763;35,186;0;78,64
1355;-58,182;34,662;0;76,32
1356;-53,648;33,969;0;73,94
1357;-52,642;33,088;0;71,94
1358;-52,351;32,746;0;70,34
1359;-51,923;32,16;0;68,74
1360;-39,527;20,21;0;66,34
1361;0;-22,34;0;64,24
1362;-8,449;-14,501;1,2;62,52
1363;-13,389;-7,868;18,4;61,04
1364;-16,608;-5,673;46,7;60,04
1365;-21,414;-0,93;67,5;59,7
1366;-60,514;36,904;37,3;60,2
1367;-53,297;34,043;6,7;61,7
1368;-50,356;30,208;0;63,02
1369;-4,728;-18,567;0;62,48
1370;-9,736;-12,11;0;61,42
1371;-14,067;-7,473;16,5;60,2
1372;-21,862;-0,968;22,7;59,02
1373;-58,62;35,2;24,3;58,08
1374;-56,007;32,143;5,1;57,8
1375;-54,269;30,376;0;57,4
1376;-53,105;29,629;0;56,52
1377;-53,487;29,766;3,9;54,52
1378;-49,469;29,582;18,8;50,68
1379;-45,922;25,873;0;45,46
1380;0;-22,906;12,5;40,96
1381;-6,554;-15,209;0;36,68
1382;0;-23,198;24,3;31,26
1383;-6,597;-16,877;55,3;28,46
1384;-21,992;0,102;49;28,02
1385;-21,437;0;25,5;30,04
1386;-21,419;0;34,1;34,34
1387;-11,577;-9,942;61,6;36,64
1388;-4,158;-19,934;79,2;38,24
1389;-24,909;3,784;92,2;41,04
1390;-11,48;-13,038;23,9;44,96
1391;-25,397;3,978;95,3;45,98
1392;-24,3;2,783;12,9;49,46
1393;-23,672;1,782;40;52,32
1394;-22,989;1,833;48,6;52,4
1395;-55,211;35,272;28,6;53,18
1396;-51,259;31,601;7,8;54,52
1397;-50,438;30,986;0,4;55,3
1398;-49,555;29,657;0,8;55,4
1399;-52,823;28,939;0,8;54,9
1400;-52,33;28,395;12,5;53,88
1401;-52,003;28,16;0;51,5
1402;-50,846;27,333;0;49,38
1403;-51,061;27,449;0;47,86
1404;-47,257;27,192;6,7;45,9
1405;-46,913;26,851;0;42,02
1406;-7,784;-13,801;0;36,9
1407;-0,612;-22,127;0;32,24
1408;-9,526;-12,576;10,6;29,36
1409;-12,67;-9,248;20,4;28,14
1410;-14,781;-7,338;17,6;27,94
1411;-16,44;-5,144;11,4;28,34
1412;-17,474;-5,203;2,7;28,44
1413;-17,345;-4,407;18,4;27,66
1414;-7,071;-16,797;46,7;26,42
1415;-3,76;-18,017;60,8;26,34
1416;-23,839;1,676;43,1;28,14
1417;-22,502;0,147;37,3;31,94
1418;-24,862;-0,213;66,3;35,32
1419;-57,378;33,54;51,8;36,64
1420;-52,632;28,807;7,8;39,76
1421;-47,605;27,477;0;41,42
1422;-4,897;-16,687;0;40,86
1423;0;-23,198;11,4;39,34
1424;-5,453;-17,665;18;36,68
1425;-21,77;-0,127;36,5;35
1426;-20,5;-1,058;57,6;35,82
1427;-23,504;-1,017;64,3;36,32
1428;-51,348;27,404;32,5;38,74
1429;-53,136;29,454;12,5;41,42
1430;-51,391;27,217;1,2;42,26
1431;-50,166;26,597;0;42,06
1432;-50,762;26,779;0,8;39,86
1433;-45,839;26,208;9,8;35,76
1434;-5,892;-17,83;0;31
1435;-7,627;-14,484;0;26,62
1436;-11,934;-10,156;13,3;21,54
1437;0;-23,049;22;19,84
1438;-0,325;-24,671;20,4;20,72
1439;-60,11;36,682;16,1;22,44
1440;-48,16;28,61;1,6;23,86
1441;-36,049;15,356;0;23,36
1442;-8,976;-13,406;0;21,94
1443;-13,355;-8,305;3,9;20,34
1444;-47,816;22,292;18;18,86
1445;-51,184;27,199;20,8;17,44
1446;-49,742;25,238;1,2;17,72
1447;-48,037;24,335;1,2;18,58
1448;-46,767;23,05;16,5;18,62
1449;-45,71;21,713;16,1;15,62
1450;-44,395;19,738;14,9;10,3
1451;-42,718;18,841;14,9;5,78
1452;-29,373;4,021;15,7;1,96
1453;-4,549;-22,027;15,7;0
1454;0;-26,554;15,7;0
1455;0;-26,574;14,1;0
1456;0;-26,585;12,9;0
1457;0;-26,561;13,3;0
1458;0;-26,617;13,3;0
1459;0;-26,667;13,3;0
1460;0;-26,731;12,9;0
1461;0;-26,737;13,3;0
1462;0;-26,735;13,3;0
1463;0;-26,72;13,3;0
1464;0;-26,696;13,3;0
1465;0;-26,739;13,3;0
1466;0;-23,061;13,3;0
1467;0;-24,119;13,3;0
1468;0;-31,499;13,7;0
1469;0;-32,947;13,7;0
1470;0;-31,641;13,7;0
1471;0;-34,331;13,7;0
1472;0;-23,173;13,3;0
1473;0;-23,164;13,3;0
1474;0;-23,112;13,3;0
1475;-0,345;-23,396;13,3;0
1476;-37,662;15,553;13,3;0
1477;-4,955;-18,255;51;0
1478;0;-23,057;11,4;0
1479;0;-23,242;28,2;0
1480;-34,325;11,47;25,1;0
1481;-41,285;19,927;27,1;3,38
1482;-21,015;-1,109;22;5,38
1483;0;-23,34;21,2;6,7
1484;0;-23,408;17,6;7,2
1485;-5,784;-18,146;18;9,3
1486;-37,395;15,769;6,3;11,6
1487;0;-23,514;19,2;13,7
1488;-7,962;-12,193;45,5;14,3
1489;-40,048;19,535;51,8;16,9
1490;-4,884;-18,35;3,9;19,84
1491;0;-23,134;62;24,92
1492;-39,872;19,527;77,3;26,14
1493;-36,855;15,304;15,3;29,56
1494;-34,198;13,269;50,6;33,74
1495;-32,87;12,224;81,2;36,92
1496;-31,918;10,663;25,1;39,02
1497;-30,939;9,098;70,2;42,94
1498;-30,055;8,855;78,8;44,16
1499;-28,718;7,351;47,8;45,98
1500;-27,763;6,351;39,6;48,08
1501;-26,49;4,688;25,9;51,38
1502;-25,871;4,408;34,5;51,28
1503;-25,764;4,302;40;52,16
1504;-25,328;4,201;43,9;52,6
1505;-25,491;3,98;49;52,8
1506;-21,655;3,931;55,7;52,9
1507;-22,701;3,943;56,1;53,1
1508;-23,1;2,325;59,2;53,48
1509;-23,925;2,224;60,8;54,48
1510;-23,528;2,424;69,8;56,12
1511;-23,728;2,271;69,8;57,98
1512;-23,533;2,111;67,1;59,5
1513;-23,414;2,131;63,9;60,84
1514;-19,887;-3,177;61,2;62,4
1515;0;-22,673;59,6;64,7
1516;0;-22,602;62,7;67,04
1517;0;-22,869;46,3;68,8
1518;0;-23,062;41,6;69,84
1519;0;-23,191;46,7;70,52
1520;0;-23,402;46,3;71,26
1521;0;-23,103;33,3;72,14
1522;-63,744;38,149;22,7;73,26
1523;-64,712;41,709;19,2;74,04
1524;-58,656;35,151;2,7;74,04
1525;-55,964;32,353;0;73,66
1526;-54,446;30,743;0;72,62
1527;-53,121;29,74;0;71,26
1528;-49,057;28,87;0;69,64
1529;-41,28;20,407;0;67,54
1530;0;-22,918;0;64,64
1531;0;-22,773;7,1;62,52
1532;0;-23,609;15,3;61,02
1533;0;-23,078;18;59,9
1534;0;-23,182;30,2;59,9
1535;0;-22,959;59,2;60
1536;0;-22,933;69,8;61,22
1537;0;-23,904;89;63,52
1538;0;-22,906;99,2;66,2
1539;0;-22,723;88,2;70,14
1540;0;-23,068;31,8;74,62
1541;0;-23,229;49,4;78,44
1542;0;-23,658;96,5;78,34
1543;0;-23,032;100;79,66
1544;0;-22,767;78,4;82,36
1545;0;-23,057;46,7;85,14
1546;0;-23,088;38,4;87,16
1547;0;-23,143;49,8;87,88
1548;0;-23,534;55,3;88,38
1549;0;-23,07;53,7;88,84
1550;0;-23,134;51,8;89,98
1551;0;-23,19;49,4;91,2
1552;0;-22,994;47,8;92,44
1553;0;-23,217;48,6;93,2
1554;0;-22,96;54,1;93,72
1555;0;-23,214;62;94,56
1556;0;-22,95;71,4;95,34
1557;0;-23,466;73,3;96,28
1558;0;-22,88;60,4;97,24
1559;0;-22,844;63,9;98,86
1560;0;-23,382;67,8;100,86
1561;0;-23,682;75,7;102,78
1562;0;-22,864;80,4;104,6
1563;0;-22,981;79,6;106,16
1564;0;-23,739;72,5;107,68
1565;0;-23,125;71;109,1
1566;0;-23,065;71,8;110,36
1567;0;-23,104;74,5;111,98
1568;0;-22,863;69,8;113,4
1569;0;-23,438;69;114,68
1570;0;-23,561;68,2;116,18
1571;0;-23,053;67,8;117,8
1572;0;-22,974;67,5;118,98
1573;-0,154;-22,738;67,1;119,9
1574;-53,196;32,537;66,7;120,68
1575;-48,578;27,451;66,7;121,54
1576;-44,125;23,096;42,7;122,32
1577;-41,861;20,706;37,6;123,2
1578;-39,37;17,979;38;123,82
1579;-37,288;16,076;40;123,72
1580;-34,499;13,068;40,8;123,34
1581;-33,589;11,896;41,6;122,8
1582;-32,355;10,729;42,4;122,42
1583;-30,568;8,657;42,4;122,02
1584;-30,115;8,155;32,5;121,62
1585;-29,767;7,681;25,9;121
1586;-28,855;7,416;21,2;120,3
1587;-28,662;6,991;21,2;119,42
1588;-28,271;6,531;23,5;118,4
1589;-27,724;6,264;26,3;117,42
1590;-27,762;6,083;35,7;116,3
1591;-27,416;5,509;38;115,5
1592;-26,254;4,263;39,2;114,86
1593;-25,856;4,138;40;114,28
1594;-25,935;4,328;38,4;114,08
1595;-25,859;4,165;34,1;113,92
1596;-25,959;3,933;28,6;113,8
1597;-25,975;4,126;28,2;113,5
1598;-26,684;4,877;25,9;113,02
1599;-26,526;4,635;22;112,38
1600;-26,522;4,564;22,4;111,6
1601;-25,127;3,204;22,4;110,82
1602;-24,862;3,129;22,7;109,88
1603;-24,843;3,058;23,9;109,1
1604;-24,757;3,18;24,3;108,36
1605;-24,714;3,054;28,6;107,88
1606;-25,001;3,33;42,4;107,58
1607;-25,898;4,216;43,1;107,28
1608;-25,695;4,086;43,5;107,1
1609;-25,693;3,89;46,3;106,8
1610;-25,119;3,665;42,4;106,46
1611;-24,097;2,467;47,5;106,16
1612;-24,132;2,308;49,8;106,16
1613;-23,735;2,325;63,9;106,34
1614;-24,203;2,51;67,8;106,98
1615;-24,092;2,602;64,7;107,78
1616;0;-22,741;58;108,72
1617;0;-22,673;57,6;109,58
1618;0;-23,194;57,3;110,46
1619;0;-23,095;57,6;111,5
1620;0;-23,11;59,6;112,58
1621;0;-23,79;65,1;113,7
1622;0;-23,376;63,1;114,78
1623;0;-23,441;60,4;115,6
1624;0;-23,868;33,3;116
1625;-13,336;-10,878;26,7;116,4
1626;-73,422;54,142;25,5;116,58
1627;-53,84;34,276;8,2;116,2
1628;0;-23,477;0;115,42
1629;0;-23,506;0;113,9
1630;0;-23,156;11,8;111,88
1631;0;-23,422;15,3;109,78
1632;0;-23,4;18,4;107,98
1633;0;-23,311;28,2;106,8
1634;0;-23,261;38,8;105,86
1635;0;-23,584;41,2;105,48
1636;0;-23,484;41,2;105,38
1637;0;-23,398;41,2;105,38
1638;0;-23,269;41,2;105,48
1639;-43,213;21,48;28,6;105,48
1640;-45,969;25,544;26,3;105,08
1641;-41,27;20,584;28,2;104,44
1642;-38,729;17,954;37,6;103,86
1643;-36,52;15,402;52,9;103,36
1644;-34,21;13,145;65,5;103,26
1645;-33,72;12,82;66,7;103,66
1646;-32,449;11,174;69;104,68
1647;-31,39;9,913;69,8;106,16
1648;-29,616;8,098;71,4;107,38
1649;-28,381;7,145;66,7;108,7
1650;-28,287;6,744;65,1;110,18
1651;-27,661;6,534;60,8;111,78
1652;-27,503;6,006;60,4;113,1
1653;-27,198;5,747;60;114,38
1654;-26,566;5,575;64,7;115,02
1655;-26,563;5,311;68,2;115,6
1656;-26,024;4,736;68,6;116,38
1657;-25,492;3,65;68,2;117,32
1658;-24,971;3,609;62,7;118,18
1659;-25,225;3,638;61,6;118,98
1660;-24,726;3,499;61,6;119,92
1661;-25,577;4,534;61,6;120,7
1662;-25,715;4,372;61,2;121,72
1663;-25,356;4,087;61,6;122,42
1664;-25,237;4,125;61,6;122,9
1665;-25,052;3,888;62,4;123,44
1666;-24,433;2,744;62,4;124,02
1667;-24,168;2,642;63,1;124,52
1668;-24,344;2,632;52,2;125,1
1669;-24,424;2,743;51;125,54
1670;-24,483;2,759;49,8;125,92
1671;-24,308;2,692;51,4;126,12
1672;-25,251;3,875;54,9;126,32
1673;-25,123;3,567;54,9;126,52
1674;-24,971;3,434;54,9;126,7
1675;-25,032;3,242;54,5;126,9
1676;-23,924;1,989;49,8;127
1677;-23,816;2,169;38,8;127
1678;-23,9;2,198;36,1;126,9
1679;-23,686;2,386;37,3;126,6
1680;-23,785;2,365;43,9;126,22
1681;-23,779;2,504;46,7;125,82
1682;-24,795;3,324;52,2;125,44
1683;-24,576;3,256;60,8;125,28
1684;-24,846;2,965;61,2;125,44
1685;-23,108;1,633;61,2;125,82
1686;-23,47;1,759;59,2;126,42
1687;-23,372;1,889;52,2;127
1688;-23,4;2,007;51,8;127,54
1689;-23,325;1,889;52,5;128,02
1690;-23,477;1,918;52,5;128,22
1691;-24,572;3,005;52,5;128,32
1692;-24,284;2,967;53,7;128,32
1693;-24,453;2,776;55,7;128,22
1694;-21,984;0,947;56,5;128,22
1695;0;-23,276;58;128,22
1696;0;-23,026;56,5;128,12
1697;0;-23,355;55,7;128,12
1698;0;-23,19;50,2;128,12
1699;0;-23,23;41,2;128,22
1700;0;-23,467;41,2;128,32
1701;0;-23,233;41,2;128,42
1702;0;-23,176;41,6;128,62
1703;0;-23,482;43,9;128,32
1704;0;-23,216;46,7;127,84
1705;0;-23,209;47,1;127,3
1706;0;-23,363;46,7;127,1
1707;0;-23,084;47,5;127
1708;0;-22,889;47,5;127,2
1709;0;-22,766;47,8;127,2
1710;0;-23,259;53,3;127,1
1711;-39,519;17,513;57,6;127
1712;-47,218;27,002;61,2;127
1713;-42,465;21,89;62;127,1
1714;-39,952;19,159;60,4;127,4
1715;-37,282;16,239;60;127,94
1716;-34,875;13,891;56,5;128,42
1717;-32,219;11,28;56,5;129,02
1718;-30,6;9,689;57,3;129,64
1719;-30,126;8,652;59,6;130,24
1720;-29,322;7,799;60;130,82
1721;-28,694;7,162;60;131,12
1722;-28,023;6,479;60,8;131,4
1723;-28,072;5,893;58;131,5
1724;-26,516;4,434;49,4;131,4
1725;-30,193;6,546;36,1;131,1
1726;-68,026;37,755;24,3;130,82
1727;-63,861;33,7;24,3;130,52
1728;-69,157;31,733;1,6;130,14
1729;-51,297;31,278;0;128,22
1730;-53,967;30,158;0;125,82
1731;-53,584;29,852;0;123,44
1732;-52,928;29,097;0;121
1733;-52,432;28,676;0;118,58
1734;-52,248;28,295;0;116,28
1735;-51,34;27,741;0;113,98
1736;-51,069;27,373;0;111,78
1737;-50,791;27,071;0;109,68
1738;-50,499;26,982;0;107,58
1739;-48,422;26,748;0;105,38
1740;-46,199;26,532;0;103,26
1741;-42,27;21,317;0;101,26
1742;0;-22,704;0;99,36
1743;0;-22,784;0;97,64
1744;0;-22,801;4,7;96,56
1745;0;-22,847;10,2;95,34
1746;0;-22,868;11;94,36
1747;0;-22,861;15,3;93,24
1748;0;-22,948;16,5;91,82
1749;0;-22,885;17,6;90,64
1750;0;-22,65;19,2;89,84
1751;0;-22,72;19,6;89,14
1752;0;-22,712;20,4;88,46
1753;0;-22,7;24,3;87,88
1754;0;-22,786;27,5;87,24
1755;0;-22,885;27,8;86,76
1756;0;-23,025;27,8;86,46
1757;0;-23,011;25,9;86,18
1758;0;-23,033;22,4;85,78
1759;0;-23,078;20;85,34
1760;0;-23,091;19,6;84,86
1761;-8,147;-12,492;18,4;84,36
1762;-72,705;53,578;17,6;83,76
1763;-62,5;43,238;9,4;83,24
1764;-61,578;38,355;0;82,64
1765;-58,618;35,277;0;82,06
1766;-56,44;33,128;0;81,58
1767;-54,904;31,533;0;80,84
1768;-53,761;30,3;0;79,66
1769;-52,638;29,159;0;78,14
1770;-51,824;28,297;0;76,52
1771;-51,18;27,692;0;73,46
1772;-50,869;27,378;0;70,02
1773;-50,329;26,704;0;66,94
1774;-49,544;26,002;0;64,2
1775;-49,622;26,158;0;61,42
1776;-49,25;25,776;0,4;58,62
1777;-49,026;25,346;14,5;55,78
1778;-48,625;24,751;0;52,98
1779;-46,937;25,248;0;50,4
1780;-44,934;24,682;0;47,34
1781;-48,098;24,419;0;44,08
1782;-47,92;24,142;0;39,22
1783;-47,47;23,607;0;35,66
1784;-47,233;23,487;0;33,44
1785;-47,256;23,8;0;32,02
1786;-47,366;23,581;0;30,7
1787;-47,148;23,3;2;28,54
1788;-45,47;21,812;0;26,42
1789;-37,934;13,681;0;23,64
1790;-18,514;-6,336;0;21,94
1791;0;-26,145;15,7;18,86
1792;0;-23,196;15,3;14,74
1793;0;-22,488;13,7;11,02
1794;0;-22,522;11,8;7,1
1795;0;-22,553;12,5;2,88
1796;0;-22,589;12,9;0
1797;0;-22,618;13,3;0
1798;0;-22,572;13,3;0
1799;0;-22,617;13,3;0
1800;0;-22,637;13,3;0
